Associated Gene Name,gene_length_bp,FANTOM_Total_CAGE_TPM,Cytosol_TPM,PB_TPM,RNA enrichment in P-body (log2) (Fold change=sorted P-bodies/pre-sorted fraction),NEW_Log2FC_TPM,Cap_index,DepMap_Common_Essential,DepMap_Strongly_Selective,DepMap_Flag_Status,DepMap_Dependent_Cell_Lines
ENPEP,7802,0.0,44.46643481473789,34.11219152967026,0.451737768296144,-0.3823308396753527,0.0,0,0,not flagged,1
PSME4,10259,6.324979675232084,76.8622560827309,60.55012828262329,0.475997396732452,-0.3440947486276992,0.0822897999302047,0,0,not flagged,6
KIAA1328,11127,3.31802212471191,58.069619183922306,46.23300889647036,0.496021003185368,-0.3287967210986295,0.0571386926820172,0,0,not flagged,16
BCHE,3082,0.0,95.54344143875706,75.643042234909,0.498561581408353,-0.3369097353443625,0.0,0,0,not flagged,1
UBE2Q1,4161,7.983990737588042,87.47001725954571,72.23096467363293,0.537469677176986,-0.2761363469717123,0.0912768853571563,0,1,strongly selective,219
BEND3,6839,1.140570105369719,27.412160986792372,23.284957012423863,0.595475369500857,-0.2353245981487181,0.0416081791552028,0,0,not flagged,35
DMXL2,13807,4.873344995670619,51.96833062368464,44.92397401612931,0.611696058839368,-0.2101036386088216,0.0937752846240087,0,1,strongly selective,4
PPARG,4046,4.769656804273364,52.512265635308985,45.61362596259993,0.619261516367319,-0.2031480404407107,0.0908293852220741,0,1,strongly selective,30
GPR155,7102,2.07376382794494,21.966319285252535,19.06859521089001,0.651143254187645,-0.2039948288368978,0.0944065230508234,0,0,not flagged,14
PBX3,4529,2.903269359122917,90.213533991806,80.86077149075656,0.660611441216582,-0.1578854219662321,0.0321821929665965,0,1,strongly selective,1
CALM2,6466,9.02087265156051,211.63871420050077,189.69318894812696,0.668722420440717,-0.157927793139605,0.0426239248600536,0,1,strongly selective,18
MAB21L3,3256,0.0,61.11265583276914,53.29659210732484,0.670625041467074,-0.1973932776137282,0.0,0,0,not flagged,1
ANKRD18A,7282,0.72581733978073,14.61468301704503,13.084489470523971,0.678959298469022,-0.1594455424921156,0.0496635704608997,0,0,not flagged,3
GALNT13,6520,1.03688191397247,29.337236028607517,25.418654121397296,0.685040389062317,-0.2067695287125598,0.0353435447347997,0,0,not flagged,2
RUNDC3B,4710,0.414752765588989,12.429223845854729,11.40058083903372,0.689931127769875,-0.1245242385120865,0.0333691605149836,0,0,not flagged,0
EPHA6,6303,0.5184409569862349,41.16413405122716,37.34506110379252,0.70208103868478,-0.140434586551296,0.0125944822825874,0,0,not flagged,0
SLC8A1,21944,0.103688191397247,15.762750387481733,14.907249662971315,0.707156545170385,-0.0804526871060971,0.0065780519800397,0,0,not flagged,0
GPR161,5902,1.244258296766966,25.86785045498786,23.76449124537205,0.713076739637126,-0.1223033158430187,0.048100567881822,0,1,strongly selective,2
HIC2,7219,0.0,21.62052261272792,20.15832841432405,0.719352328289198,-0.1009770066559584,0.0,0,1,strongly selective,39
OSR2,2930,1.24425829676697,13.412321395398322,12.439873175096343,0.723727877409842,-0.1085031618924979,0.0927697942873533,0,0,not flagged,2
AGK,6547,6.22129148383483,70.740827995399,66.51513789789189,0.727447103518897,-0.0888474361036254,0.0879448496735077,0,0,not flagged,1
ITPRIPL1,2495,0.0,67.84623246328664,63.26106815715389,0.731683765977765,-0.1009353784923697,0.0,0,0,not flagged,1
FAT3,19420,0.0,37.630670945453495,35.772347802770895,0.741509354571994,-0.07304429368017,0.0,0,1,strongly selective,2
ALDH1L2,8501,0.311064574191741,11.913240293033098,11.268015249097791,0.743033054600009,-0.0802631611673525,0.0261108285017681,0,0,not flagged,0
CA12,7313,1.7626992537532038,17.79082548761276,16.791670736762033,0.745927640026676,-0.0833394457484787,0.0990791155239266,0,0,not flagged,1
CDS1,4461,5.391785952656856,56.275072321945466,53.906660691469305,0.758625389655022,-0.0620212013343426,0.095811266519763,0,0,not flagged,1
HPSE,4721,1.762699253753199,21.988909141772663,21.16440556954293,0.766187722871189,-0.0551105174600101,0.0801631059725729,0,0,not flagged,0
KANSL2,3386,11.302012862299936,135.15596947230208,131.29482782102343,0.776595292051866,-0.0418120099575771,0.0836220028344074,1,0,common essential,1128
MAK,4378,1.14057010536972,18.952894239261948,18.12572849867581,0.788747943958746,-0.0643444760115321,0.0601792048734681,0,0,not flagged,1
MYO3A,8188,2.177452019342191,25.487085643214243,23.4909973996515,0.789994744743629,-0.1176103670765542,0.0854335426899592,0,0,not flagged,0
SOSTDC1,2473,0.9331937225752248,37.365990703674974,36.466931059111694,0.796564597433516,-0.0351274652281141,0.02497441403269,0,0,not flagged,0
PTCD2,3637,5.18440956986236,73.78625253611511,72.73150935911782,0.79676564084115,-0.0207686948418634,0.0702625406721234,0,0,not flagged,2
METTL2B,6749,3.21433393331466,35.89280386717524,36.849253751610256,0.832705680034282,0.0379303453870092,0.0895537151460669,0,0,not flagged,5
TTI1,4122,5.70285052684859,105.42257322573198,106.84898774199632,0.834350356713224,0.0193876017414368,0.0540951558319258,1,0,common essential,1115
FILIP1L,5897,0.8295055311779771,29.857868645944375,29.7084155013079,0.839904669107144,-0.0072370937655454,0.0277818065654411,0,0,not flagged,0
SPTLC1,3658,6.739732440821068,129.90848132611472,131.66602113311166,0.841591022970539,0.0193859740354727,0.0518806191252596,0,0,not flagged,990
ABHD10,3021,19.18231540849073,200.12499898796304,202.70858778095604,0.858084498084829,0.0185048958926034,0.0958516702335848,0,0,not flagged,1
STX16,5089,0.311064574191742,62.97180334766362,64.55580524003852,0.860351450303183,0.0358352335140775,0.004939743784601,0,1,strongly selective,2
GJA3,5211,0.829505531177977,12.931591282241635,13.064025965074434,0.866715576335803,0.014688447233654,0.0641456656859468,0,0,not flagged,288
ABL1,6276,4.562280421478879,75.8657045616781,79.8491950001423,0.901847400921309,0.0738205214176788,0.0601362690538224,0,1,strongly selective,14
SGPL1,6257,8.295055311779771,129.4406270816394,138.19489991195232,0.918222364773674,0.0944068119713479,0.0640838622216192,0,0,not flagged,8
SLC9A9,4087,0.933193722575225,10.849402246219888,11.716960793585343,0.930901165989124,0.1108844747005394,0.0860133767185528,0,0,not flagged,1
ZNF891,4118,3.318022124711909,62.30388273957747,68.65922170818102,0.952306677819142,0.140109999167713,0.0532554630436249,0,0,not flagged,0
SPATA18,4941,0.829505531177977,15.01905549944103,16.416538146014037,0.953940100485225,0.1282741217859954,0.0552302061343903,0,0,not flagged,0
HOXC10,2331,1.86638744515045,24.189647212748596,23.785550993883465,0.955021855163164,-0.0242941547912181,0.0771564557653744,0,1,strongly selective,215
FAM20B,6039,7.050797015012815,108.33661796209364,118.81431139756091,0.958085817335535,0.1331759206255119,0.0650823068658082,0,1,strongly selective,10
WDR19,8873,6.73973244082107,96.84469985491737,107.92494265721233,0.974171632311456,0.1562680337205889,0.0695931987080122,0,0,not flagged,0
ANTXR1,8185,4.977033187067869,77.95325690387439,86.42064379305805,0.975012690986169,0.1487485471803797,0.0638463790320543,0,1,strongly selective,4
FRMD5,6317,1.866387445150444,31.17447173499954,34.60353616922686,0.97561985050607,0.1505085169892638,0.0598690961314687,0,0,not flagged,1
NPEPPS,11514,6.84342063221831,76.55946603640109,86.62538304837392,0.987320387307025,0.1781871646542651,0.0893869953189658,0,0,not flagged,713
DPYD,6556,0.207376382794494,23.110703219149027,27.263658953636092,1.01307632739934,0.238322982688084,0.008973174932326,0,0,not flagged,5
ZNF124,4517,0.0,37.90717924922908,43.64426677921191,1.01385117339926,0.2032710274781072,0.0,0,0,not flagged,13
BTF3L4,6022,22.604025724599857,328.73260865523883,376.0423624585613,1.0179205264718,0.1939751026353154,0.0687611302604483,0,0,not flagged,853
CNTN1,7492,0.207376382794494,19.759736054872302,22.95877789127611,1.03181509430889,0.2163804869008422,0.0104948964003676,0,0,not flagged,9
ACER2,2437,0.207376382794494,20.381947532911123,23.992868451816435,1.03396613357056,0.2352072582257763,0.0101745126396601,0,0,not flagged,2
CCND2,7157,13.894217647231129,182.15211828094817,210.01443693854185,1.03546597688808,0.2053342261816579,0.0762781008442676,0,1,strongly selective,75
FMO4,2517,2.177452019342191,25.1135018155278,29.08065440345692,1.04426330395845,0.2115181837555023,0.0867044363361489,0,0,not flagged,0
KDM3B,7961,7.258173397807303,128.22107625708074,150.35557741059094,1.05529610783002,0.2297283990666962,0.0566067109221171,0,0,not flagged,7
PLA2G4A,2875,0.518440956986236,67.03076652107528,72.81009698553358,1.05719739325406,0.1192980178281752,0.0077343730930367,0,1,strongly selective,2
CLMP,2635,0.0,17.486477472368687,20.61688602699532,1.05853721316885,0.237461542099786,0.0,0,1,strongly selective,5
CORO2A,5717,0.518440956986236,17.888210928219305,20.834006925356626,1.07663125914989,0.2198172536220188,0.0289822698908573,0,0,not flagged,3
ZDHHC23,7138,0.207376382794494,16.723995952474528,19.445630095161263,1.07939851024258,0.2174057133199707,0.012399930219058,0,0,not flagged,0
FLRT2,9163,4.665968612876122,70.77816865853127,85.89251840471358,1.08028910392026,0.2791921751421179,0.0659238392474811,0,0,not flagged,0
TRAF3,8263,2.2811402107394363,30.95357454898442,36.92242640593239,1.08217881774446,0.2543160174722172,0.0736955341661591,0,0,not flagged,39
E2F6,4061,1.866387445150447,46.00671654461033,55.0760568697001,1.09306775526167,0.2595291508019619,0.0405677167450258,0,0,not flagged,1
ZXDB,5638,0.0,31.58402108430543,36.262673909040494,1.09677980023509,0.1992315344935351,0.0,0,0,not flagged,4
MORC2,6258,0.0,29.245383046852115,36.3150350643129,1.1179935967159,0.3122620826937332,0.0,0,1,strongly selective,54
ADRB2,2041,1.14057010536972,17.56619361106392,20.479461946283536,1.13034254184625,0.2212594326335401,0.0649298379958274,0,0,not flagged,4
TRIM32,3780,3.94015127309539,282.47608655821654,350.6961626472557,1.14596371837541,0.3120829705798962,0.0139486188763923,0,0,not flagged,0
TMEM181,5390,0.0,68.63725127342353,85.92186912612453,1.16003269730853,0.3239913216431813,0.0,0,0,not flagged,14
VAMP7,2667,0.0,122.9752001659677,157.34296736881393,1.17346141807889,0.3555196708032748,0.0,0,0,not flagged,1
TTC28,12641,0.103688191397247,26.4169816399411,34.20269822997188,1.17851736235268,0.3725202318105415,0.0039250582375571,0,0,not flagged,3
PGAP1,12761,4.873344995670617,49.57263050077924,64.70914408002545,1.18490290957215,0.3843577154795549,0.0983071696305083,0,0,not flagged,0
IGIP,2871,0.0,18.722266612043672,22.645352675089683,1.18713318671309,0.274326472567248,0.0,0,0,not flagged,0
FAM171B,5819,4.043839464492638,55.27068228808818,69.88102752671686,1.18762959109869,0.3383318351820856,0.0731642761964629,0,0,not flagged,12
ARHGEF9,6673,1.140570105369719,14.54828515048967,18.47300955041501,1.19060457452431,0.3443592593345214,0.0783989379897004,0,0,not flagged,1
OMA1,3718,0.0,38.52230731262589,49.95487739514851,1.19467551847216,0.374845737532179,0.0,0,0,not flagged,4
IL17RB,3038,3.31802212471191,43.12191224463367,58.07644578172201,1.21283188144838,0.4294458772340714,0.0769451527540925,0,0,not flagged,0
BBS12,3432,2.2811402107394363,27.22982870634586,35.08777747489228,1.22406617925962,0.3656620452677907,0.0837735791634936,0,0,not flagged,0
KIF5A,6261,1.036881913972472,16.62487266859416,22.004783046025818,1.23439183187799,0.4042618035239351,0.0623693146192471,0,1,strongly selective,14
ANKRD18B,5857,0.207376382794494,25.39408029997647,33.63920697670177,1.23888699628615,0.4055122692952624,0.0081663277561064,0,1,strongly selective,8
NHSL2,5001,0.622129148383483,233.46039900743168,315.8192229551158,1.23950553780231,0.4359050199740176,0.0026648166071354,0,0,not flagged,3
DCAF16,4816,15.138475943998046,156.52853814024388,208.20562584933168,1.24162347437123,0.4115604646638783,0.0967138396861185,0,0,not flagged,0
FEM1B,7569,17.938057111723758,187.2429778678907,248.7069790195177,1.24220746140244,0.4095163366317587,0.095800960420422,0,1,strongly selective,24
SLC6A15,8556,3.00695755052017,79.85209180480568,107.37631437090936,1.25033298091648,0.4272273780461006,0.0376565908613956,0,0,not flagged,1
TSEN2,5667,2.90326935912292,43.077526081214664,59.74944822386319,1.25506094379497,0.4718965605039331,0.0673963809725132,1,0,common essential,949
DSEL,9531,0.311064574191742,11.638204531736696,15.873667008138291,1.25814646484621,0.4474364277607003,0.0267278834414266,0,0,not flagged,0
ACVR1B,5690,6.22129148383483,72.32946504419486,99.76467443104076,1.27612045040946,0.4638907369752338,0.086013237897356,0,1,strongly selective,22
ZNF713,6155,1.14057010536972,14.615398894037895,19.959863799706778,1.28285376947039,0.4493485198278485,0.0780389309685551,0,0,not flagged,1
SNCA,4011,1.3479464881642111,17.002456895943215,23.252311461735086,1.30007624377061,0.4514029510484222,0.0792795121560244,0,0,not flagged,0
RASAL2,11818,3.629086698903648,48.68212420411985,68.04825404596907,1.30222680334898,0.4830817012889744,0.0745465970976781,0,0,not flagged,0
PARP14,10495,1.970075636547696,19.87404383267445,27.257434672325545,1.30343118122475,0.4555677888009109,0.0991280714249377,0,0,not flagged,0
FBXO8,2810,7.7766143547935425,118.45130993043318,166.78668420324186,1.31041343954037,0.4936746648635067,0.0656524132942115,0,1,strongly selective,2
PRKAB2,5460,6.63604424942382,97.03512884983844,136.33392196476325,1.31233468044169,0.4905226839739658,0.0683880603661904,0,0,not flagged,14
IL12A,2040,0.0,10.091609558749123,11.371082481615552,1.32040415383707,0.1720525965100879,0.0,0,0,not flagged,1
COL25A1,6183,3.62908669890365,42.87485307714041,62.41053918577464,1.32699189761852,0.541552641197813,0.084643711603494,0,0,not flagged,0
NDST4,3719,1.347946488164217,21.721193195835408,31.15618445706936,1.32967672176057,0.5202141519473036,0.0620567422798236,0,0,not flagged,0
ANGPTL1,3403,0.0,10.490979596045394,11.738679110893328,1.33065416725368,0.1619746478848469,0.0,0,0,not flagged,0
APOOL,1279,14.7237231784091,176.71909830502656,251.2437387006211,1.34527318373147,0.5076054659774994,0.0833171022239779,0,0,not flagged,7
KCNK2,3910,0.0,33.669195112317084,43.77407167804501,1.34714428817789,0.3785484631318324,0.0,0,0,not flagged,1
RAP2A,5570,6.428667866629326,66.73076410936677,94.1772307691909,1.35284074076287,0.4969632789161481,0.0963373932912444,0,0,not flagged,7
IL17RD,9576,1.140570105369719,22.56857930386108,32.486942724805054,1.35430572829618,0.5253492861495213,0.0505379665247509,0,0,not flagged,2
MED7,2913,0.103688191397247,26.89666595387264,38.311223124829525,1.36586202320722,0.5101799737944734,0.0038550574102779,1,0,common essential,958
TRIP10,3982,0.829505531177977,15.065254769029742,21.13273802869124,1.36587191378355,0.4879798372254121,0.055060836600203,0,0,not flagged,1
HRK,6853,0.518440956986236,12.948485249015508,17.896804269023352,1.36956239819457,0.4666108025677539,0.0400387340307356,0,0,not flagged,132
TMEM74,2877,0.829505531177977,16.03389725491746,23.308205093955383,1.37298852026543,0.5394321098741282,0.0517344921194112,0,0,not flagged,0
SMAD7,3692,0.7258173397807299,10.345680686471184,14.686082171388994,1.38933793501951,0.5050092121653817,0.0701565572896392,0,1,strongly selective,49
WDR53,1789,2.592204784931183,73.8238778718448,105.40935122619392,1.39060981195545,0.5137848803044804,0.0351133652099818,0,0,not flagged,2
TNFRSF19,5102,1.6590110623559509,52.323873803008155,78.52909873677699,1.39085052143559,0.5856659901152194,0.0317065794593475,0,0,not flagged,0
ZNF8,2211,9.954066374135731,133.6266088868039,194.86296496017647,1.40584977815127,0.5442186781208849,0.0744916484602845,0,0,not flagged,8
ZYG11A,4694,7.361861589204553,113.48697145120605,170.43891478187217,1.40608668237547,0.5866856129114854,0.0648696629671697,0,0,not flagged,0
AFF3,12295,1.45163467956146,19.686663917175743,30.534481362436413,1.41212547593325,0.6329604472267433,0.0737369564324696,0,0,not flagged,16
UGT8,4699,4.665968612876117,93.4493928129364,140.80135362784293,1.41429918806104,0.5913520938088855,0.0499304326376553,0,0,not flagged,0
NKRF,4004,1.036881913972472,89.68348713586722,135.42164776085664,1.41895057891788,0.5944897718473445,0.0115615699956184,0,0,not flagged,0
RFTN2,6007,0.0,12.557593847451082,18.420174037385166,1.41977923715399,0.5523612322227041,0.0,0,0,not flagged,0
TTC17,11284,4.0438394644926445,68.77731130639283,104.52536699265012,1.42251789543668,0.6037767544344802,0.0587961260433391,0,0,not flagged,0
TBC1D4,6651,3.732774890300895,131.2412159414477,201.2932562718184,1.43302124514969,0.6170397211144897,0.0284420931604766,0,0,not flagged,0
PPP1R8,2819,7.4655497806018,153.6923644063479,236.50319693160256,1.44186494204763,0.6217813269105652,0.0485746302975963,1,1,both,1169
ERLIN1,5792,15.55322870958708,172.0035932976663,264.52300627393174,1.44345085298448,0.6209251635408375,0.0904238592427016,0,0,not flagged,6
MRAS,6315,0.311064574191741,13.757246299699046,20.91964187973755,1.44382317085096,0.604307603308472,0.022610962064301,0,0,not flagged,0
SLC40A1,4330,1.55532287095871,15.683627618141008,23.796404876061676,1.44400374693558,0.6011708953500732,0.0991685666624532,0,1,strongly selective,1
ZNF516,8719,1.7626992537532011,22.29436529848668,32.656592994005926,1.44493129159876,0.5504898999976864,0.0790647874542923,0,0,not flagged,0
C9orf72,6061,0.311064574191742,70.43581514664403,109.2178123117203,1.45441951821133,0.6327543411458871,0.004416284152375,0,0,not flagged,1
NRG4,5031,1.03688191397247,17.530952904123197,27.05684724040957,1.45623794964869,0.6257997278660737,0.0591457817292179,0,0,not flagged,0
KLHL3,12173,0.207376382794494,11.030346746993851,16.713101228434756,1.46671246184963,0.599056930006441,0.0188005316198252,0,0,not flagged,0
SLITRK3,4892,0.0,25.88191776444552,38.85862606566945,1.46894785491078,0.5861042851296747,0.0,0,0,not flagged,0
PDGFD,4266,0.7258173397807299,10.544727078005575,16.582997652598753,1.47356785985527,0.6526852695391693,0.0688322546815513,0,0,not flagged,0
PRDM4,4777,8.398743503177014,91.828679404533,145.52910586547645,1.48783894425604,0.6642330504768119,0.0914610071454694,0,1,strongly selective,2
CACNB2,6537,0.933193722575225,21.213389390274788,33.47257616168602,1.48848307662423,0.6577554595750681,0.043990788336872,0,0,not flagged,0
NEIL3,2959,17.730680728929286,191.1870276667751,302.85383916726965,1.49521787410698,0.6636092404387912,0.0927399779436529,0,0,not flagged,0
PURB,9065,4.251215847287135,60.4920781189963,96.0791585447639,1.4964968365962,0.6673889683960981,0.0702772326472964,0,0,not flagged,1
TYW1,3885,2.38482840213669,33.22866080349478,53.350523465005125,1.50066513966445,0.6829105627589253,0.0717702231889486,0,0,not flagged,16
PRPF4,3613,20.841326470846635,257.44488454356747,415.0278764103277,1.50861846964468,0.688923361184863,0.0809545177322008,1,0,common essential,1183
EDEM1,6758,2.281140210739439,47.307933652787256,75.89974212553108,1.51320897833701,0.6818979771364807,0.0482189779727367,0,0,not flagged,0
ZNF140,5374,6.22129148383483,68.16705790845684,111.01786343463964,1.5238118171555,0.7035635309074255,0.0912653659219024,0,0,not flagged,0
ZNF519,7945,0.829505531177977,22.758507932443255,35.97799998593748,1.5302123522186,0.660476175703328,0.0364481508910995,0,0,not flagged,6
AKAP7,4394,1.347946488164213,14.835093219346556,24.06533953094984,1.53213744106681,0.6975699916107602,0.0908620167216978,0,0,not flagged,0
NR2E1,3733,0.207376382794494,33.2071995130976,53.77452375093906,1.53422655806616,0.6952606564356358,0.0062449223612698,0,0,not flagged,4
CHST9,2371,0.72581733978073,21.98213978571219,35.745150718599746,1.53728859582932,0.7011631027108766,0.0330185026051236,0,0,not flagged,0
SLC16A7,6424,0.207376382794494,27.863762877198837,44.41042092533305,1.53941582004282,0.6723152886063235,0.007442511756522,0,0,not flagged,1
RGS7,3328,1.451634679561464,14.701297183487233,23.992485586645916,1.54037026590643,0.7062593491169794,0.0987419451116168,0,0,not flagged,1
SLC2A12,4468,3.4217103161091593,36.71928209894927,60.1650719846881,1.54058377332613,0.7122352647300187,0.0931856539811564,0,0,not flagged,1
HBP1,6351,4.043839464492637,47.14347388633979,77.88348637996785,1.54451969110347,0.7241386311734489,0.0857772907071316,0,0,not flagged,1
MYCBP2,15943,6.117603292437584,149.75627709755284,246.18237362259143,1.55509258625988,0.7170732632685195,0.0408503964641997,0,0,not flagged,0
TADA1,2963,19.700756365477,259.47143447647187,431.6540724172303,1.56446638824821,0.7342777021595023,0.0759264942024414,0,0,not flagged,362
YIPF6,8850,6.53235605802657,67.62671377448443,112.54568396673876,1.56606407560597,0.7347604423278785,0.0965943144865813,0,1,strongly selective,18
LSM14A,4748,79.42515461029136,1379.937971587884,2306.871576806172,1.56640351742652,0.741330071676176,0.0575570469438546,0,0,not flagged,153
INTS12,3895,5.18440956986236,58.10872499330859,97.60106507007283,1.56694172005576,0.7480416456694556,0.0892191245025486,0,0,not flagged,646
KIAA1958,13119,3.83646308169815,52.909385071315654,88.45950400950186,1.56794940958095,0.7413839374487956,0.0725100674771979,0,0,not flagged,1
FICD,4267,0.933193722575225,18.392448295440555,30.169353802023505,1.57299048941275,0.7136641974781978,0.0507378739135323,0,0,not flagged,1
RAB33B,5028,2.3848284021366837,27.02051162905805,45.701204300960825,1.57424562392253,0.757959009258919,0.0882599276755375,0,0,not flagged,0
TANC2,22866,0.207376382794494,32.65525394872754,55.409607735479035,1.57710517464,0.762639643648538,0.006350475274824,0,0,not flagged,0
UGCG,4615,13.168400307450398,251.72463482895844,428.6596031722747,1.58667905585318,0.7679623968376535,0.0523127198750255,0,1,strongly selective,98
SESN1,5121,22.08558476761365,237.97849058323015,406.3355664647361,1.59068726410891,0.7718153487510178,0.0928049619673063,0,0,not flagged,0
IFIT1,3079,1.65901106235595,34.84390861264303,57.500207081993345,1.59434565570017,0.7224975796398696,0.0476126568003332,0,0,not flagged,0
MEX3A,6124,3.110645741917413,32.08644661773017,54.00014612231007,1.60301327487483,0.7508168653399319,0.0969457845855249,0,0,not flagged,174
SLC16A9,4425,3.629086698903652,66.8482239536023,114.81815832936586,1.60560179266379,0.7802995288948941,0.0542884535185633,0,0,not flagged,0
ADNP2,5893,5.39178595265685,82.88557792757699,144.68280283204976,1.61169940552239,0.8036261143446332,0.0650509544298289,0,0,not flagged,1
SLC44A5,6314,5.288097761259603,72.4793519904451,128.0044259519726,1.6241541697137,0.8204653994011941,0.072960058499926,0,0,not flagged,0
SLC30A4,7293,0.933193722575225,16.329962253615747,28.28876518058665,1.6272540970203,0.7923344515226932,0.0571461040804671,0,0,not flagged,0
MIS12,3157,21.048702853641178,222.20118949557164,386.52997179512573,1.63387267311162,0.7986861440294485,0.0947281286001426,0,1,strongly selective,1120
SNX27,7467,8.709808077368763,132.04019533509066,229.0045371134123,1.6339267758329,0.7943527433036655,0.0659633080310512,0,0,not flagged,15
METTL18,1578,4.25121584728714,64.28292547904937,106.54348037371436,1.63399387084757,0.7288458135205426,0.0661328932310752,0,0,not flagged,0
NUS1,4676,0.207376382794494,167.56372575726087,294.4073824764551,1.63762121672981,0.8130668874593691,0.001237597110337,0,0,not flagged,1179
NDNF,3556,3.836463081698149,51.9522327217252,90.98238844798954,1.64024392583038,0.8082824462301657,0.0738459712068126,0,0,not flagged,0
AMPH,5636,3.006957550520172,31.531663621197044,56.05089033792865,1.64349718836296,0.829735901811745,0.0953631113995125,0,0,not flagged,0
ZNF383,3605,2.073763827944942,44.569788114191965,77.78438767567768,1.64415969811476,0.803276318999869,0.0465284650362654,0,0,not flagged,0
TDRD7,4542,2.799581167725677,57.664018251130805,102.03155357742344,1.64591377594632,0.8231633230469452,0.0485498800228126,0,0,not flagged,0
IPO8,6816,9.228249034355002,93.36090952583508,166.28527560635675,1.64888225772076,0.832702141162179,0.0988448921633666,0,0,not flagged,2
B3GALT2,3274,0.0,12.946766472974891,21.05334076218133,1.64935684994368,0.7010285537972186,0.0,0,0,not flagged,0
ANKRD49,3526,10.47250733112196,129.87878944209584,230.3327015995483,1.65747244548438,0.8265049681803326,0.0806329299503591,0,0,not flagged,524
FPGT,4382,0.311064574191742,31.9965506378871,56.716682098648334,1.65969015647014,0.8256602790304852,0.0097218158829724,0,0,not flagged,0
VKORC1L1,5899,7.050797015012813,92.71764469570644,165.54965439380837,1.66314657009426,0.8362797263573353,0.0760459030010209,0,0,not flagged,125
CCDC125,7932,4.25121584728713,51.018052258876395,91.885960810744,1.66370133379639,0.8487108756879355,0.083327678322872,0,0,not flagged,4
HNRNPA3,6033,3.00695755052017,273.962212364177,494.84069725719905,1.66435406691777,0.8529637361801093,0.0109758113156241,0,0,not flagged,7
KCTD3,4929,23.848284021366855,250.76813473190313,449.4858056946693,1.66649062298292,0.8418960883342219,0.0951009347613607,0,0,not flagged,0
SLC10A5,2568,0.0,12.128022258387182,21.488377306671243,1.67035317477953,0.8246943982749264,0.0,0,0,not flagged,0
HELB,4551,5.495474144054102,152.93516174271997,280.7291664924443,1.67112481467053,0.8762158817158789,0.0359333594801373,0,0,not flagged,2
SH3D19,7789,0.311064574191741,79.38951674583714,143.87193616939138,1.67817135015634,0.8576833468201203,0.0039182071757358,0,0,not flagged,0
TWF1,3932,11.094636479505446,125.86652673352287,219.9456407037692,1.67918558229616,0.8052033227279528,0.0881460446032196,0,0,not flagged,605
SMARCA1,4101,7.3618615892045565,150.1804959291172,273.0286113055595,1.68561686324102,0.8623114600732446,0.0490200910821285,0,0,not flagged,0
RYBP,7512,1.9700756365477,42.926447644112066,77.6170653911142,1.68735826332901,0.8543569145708912,0.0458942154468708,0,0,not flagged,0
AGTPBP1,4938,11.50938924509444,161.97314318716775,288.530584413636,1.70357056191771,0.8329305675706385,0.0710573927172283,0,0,not flagged,0
GALNT1,5126,3.0069575505201738,34.5669944274343,61.95481215228275,1.70790804793556,0.841636717832325,0.0869892682406221,0,0,not flagged,1
PTPRD,11081,3.006957550520172,31.050320943731595,57.286550705166825,1.70875379161341,0.8833755532342659,0.0968414322019178,0,0,not flagged,0
ZNF639,3811,7.465549780601792,211.87025646266977,397.6065618730956,1.72191977054475,0.9081286905422896,0.0352364220690749,0,0,not flagged,2
ZNF799,5055,2.9032693591229197,32.3777553608574,60.19467805359381,1.72281322303106,0.8944271069807765,0.0896686421515428,0,0,not flagged,0
RFX6,4093,1.036881913972471,26.010573213062163,48.89769597191833,1.73144994735867,0.9104087574512396,0.0398638624946474,0,0,not flagged,5
GLCE,6161,10.679883713916446,195.3084171403651,372.104731218188,1.74481438101568,0.9299195132328592,0.0546821477040642,0,0,not flagged,19
SLCO4C1,5334,1.45163467956146,15.79412920522673,30.046665270605704,1.74893596273339,0.9273834077847788,0.0919097634759802,0,0,not flagged,0
BORA,2762,7.672926163396292,199.14226908929865,376.22011104302055,1.7595785850421,0.917743400043253,0.0385298721285315,1,0,common essential,1023
HSDL1,3896,4.0438394644926365,58.26176299045455,111.32795881202424,1.75995426823179,0.9340766745940612,0.0694081204709711,0,0,not flagged,1
PPM1D,3252,16.59011062355955,247.55324373920936,472.3217741641042,1.76234936213619,0.9320034597499812,0.0670163330238434,0,1,strongly selective,197
KDM4D,2978,1.65901106235595,19.09862725625645,36.0358179874705,1.7677146926697,0.9156077482887752,0.0868654610667099,0,0,not flagged,0
LRIG3,5893,17.938057111723722,196.03899727995065,378.75892226712693,1.76914957180388,0.950103700506186,0.0915024936906177,0,0,not flagged,1
PRKCI,5841,11.820453819286175,143.91014739528725,280.74304623805773,1.77944392105949,0.9640331070652988,0.0821377368672841,0,1,strongly selective,69
PELI1,4125,4.45859223008163,73.44450730083996,143.00950546839343,1.78269101303786,0.9612889949192216,0.0607069526903972,0,0,not flagged,0
CLMN,15701,1.140570105369718,14.432409275690228,28.319760442099653,1.78558534968314,0.9720069702782098,0.0790283925283965,0,0,not flagged,0
UGDH,4045,9.954066374135731,105.61379781189676,206.0884471126909,1.79529057420243,0.9643987136291112,0.0942496774130251,0,1,strongly selective,22
USP49,11259,1.7626992537532,19.22530838761318,37.77183832572974,1.79777634781751,0.9739359400422428,0.0916863968168595,0,0,not flagged,0
EBF3,4623,3.629086698903649,43.70280346332512,84.13025497532534,1.79942948990411,0.944740283554538,0.0830401349869725,0,1,strongly selective,11
GALNT5,6818,0.207376382794494,10.515769586297573,19.68200584053483,1.80684033012018,0.9036843535172734,0.019720514137616,0,0,not flagged,0
CASP3,2899,44.5859223008163,483.292185390331,950.2628791143012,1.80780886303774,0.9754163370117256,0.0922545897670711,0,1,strongly selective,2
GJA1,3037,7.983990737588033,148.21231755989217,293.54749627144764,1.81088794670672,0.9858804098342688,0.0538686046411879,0,1,strongly selective,16
SLC7A2,7905,6.532356058026567,135.5275337428071,271.8823693736355,1.81788375595675,1.0043432375175898,0.04819947561669,0,0,not flagged,1
WWP1,6336,6.636044249423825,67.25936696978438,133.20750239101378,1.81845165272037,0.9857620520810406,0.098663495486138,0,0,not flagged,1
UBL3,4384,4.665968612876126,70.04380982469512,139.7758299366761,1.82062519696813,0.9966827045936848,0.0666150031609368,0,0,not flagged,0
ZNF2,3999,4.35490403868438,44.66314538688293,89.83763574112838,1.82461739685344,1.0080727042423725,0.0975055384246038,0,1,strongly selective,2
CYBRD1,5176,2.695892976328423,37.627393995487445,76.80653030392311,1.82465620533269,1.0292500611562525,0.071647081821604,0,0,not flagged,4
ZNF792,4234,1.8663874451504472,20.191248382143716,40.49569302149717,1.82714085317969,1.003680240767807,0.0924354655951338,0,0,not flagged,12
DPY19L4,7136,5.1844095698623605,71.46002806076356,144.30241886915852,1.82727719990105,1.013785197111411,0.0725497835720688,0,1,strongly selective,10
EIF4B,6146,22.81140210739437,262.02714905842123,529.5268160517062,1.83363232318014,1.0149596336662945,0.0870573991640399,0,0,not flagged,909
TTF2,10181,8.50243169457427,87.58944295343815,176.45212742381315,1.8346430582754,1.0103649824232126,0.0970714210283777,1,0,common essential,880
TXNIP,3626,12.7536475418614,263.8444956309478,559.5945181692582,1.83850803693126,1.0846650458640217,0.0483377434551469,0,0,not flagged,0
S100PBP,9190,6.532356058026574,80.52746895657022,162.48640226963084,1.84331919471198,1.0126757380256328,0.0811195998417581,0,0,not flagged,0
PLCL2,5152,1.140570105369718,31.68183883619656,64.07194112708923,1.84426038095326,1.0158064787956271,0.0360007546047679,0,1,strongly selective,3
FLT1,8072,2.177452019342191,22.121735447477587,44.08952807154833,1.84614158466257,0.9946466332634096,0.0984304339282962,0,0,not flagged,1
FAM133B,4462,2.9032693591229233,41.41678164191153,76.51189659432718,1.84726979122149,0.8853088865296413,0.0700988643739757,0,0,not flagged,1162
GRAMD1B,9770,0.0,14.56885320867319,30.021572941655226,1.85619883188593,1.042602799971035,0.0,0,0,not flagged,0
L2HGDH,3911,4.87334499567062,71.2405669228424,148.23771415487352,1.85685406526737,1.0570364614107075,0.068406881165737,0,0,not flagged,1
USP44,5386,2.5922047849311807,47.47600818029074,96.84335333790814,1.86013018212377,1.0282995159723238,0.0546003104365314,0,0,not flagged,6
PDCD10,3275,29.34375816542098,468.53483150173753,969.3137256763598,1.87086250448037,1.0487914688810094,0.0626287656594687,0,0,not flagged,23
SP1,8083,14.308970412820113,207.19047049957393,428.3278123480807,1.87607890628994,1.0477217605214093,0.0690619137951595,0,0,not flagged,195
TBC1D8B,9503,1.7626992537532,34.751231047508206,71.50677395811958,1.87694059650629,1.0408024844153108,0.0507233614643298,0,0,not flagged,0
MBTD1,7201,3.525398507506409,51.665227089544025,107.70500120728282,1.88386927855698,1.0596744557400946,0.068235420728846,0,0,not flagged,295
PLEKHF2,3137,3.421710316109156,38.46818792387363,80.06435344874468,1.88495333485101,1.057299385155592,0.0889490901645933,0,0,not flagged,8
PRICKLE2,8726,0.7258173397807299,12.006056959460077,25.315511796662623,1.88552613971575,1.0756278676110658,0.0604542642294252,0,0,not flagged,3
ARSJ,5024,1.6590110623559549,25.109826310370792,52.45548079124753,1.89118028172896,1.0625420373646706,0.0660701926747599,0,0,not flagged,0
NCOA1,8633,0.829505531177978,49.815389908853746,105.01599204793013,1.89554424416641,1.0757934131682838,0.0166515916606435,0,0,not flagged,4
HLF,6602,0.622129148383483,10.105123574865573,20.99921711024533,1.90338377402777,1.054508457086377,0.0615657140434088,0,0,not flagged,2
SOCS7,2794,5.702850526848599,73.98103652404198,157.3956136964248,1.90689496318652,1.089064579451858,0.0770853017853476,0,0,not flagged,3
ZC3H11A,9700,6.013915101040337,142.81836589494213,299.5546553561783,1.90812837050295,1.0685848861262446,0.0421088356763877,0,1,strongly selective,27
MCM8,3920,4.769656804273367,106.443503674919,221.6105616160276,1.90961207945965,1.057868305034268,0.0448092804126404,0,1,strongly selective,8
LPAR3,3543,0.72581733978073,14.87066542932156,31.16062075051821,1.91061180874767,1.0667478440366511,0.0488086658415153,0,0,not flagged,0
CDYL,4531,12.8573357332586,131.95767234311384,284.28622865784763,1.91836027016633,1.107210400087906,0.09743530258572,0,0,not flagged,45
PPP1R21,3990,2.281140210739437,36.075854627882464,76.79270967865284,1.920164463179,1.089723788832162,0.063231771894778,0,0,not flagged,9
SPIN1,4914,11.61307743649168,303.89572046782195,655.6420244944032,1.92347257433311,1.109306502339911,0.0382140209760582,0,1,strongly selective,2
MSL2,5095,4.873344995670613,79.07737576423496,169.9796334710139,1.92358573842395,1.1039274391673803,0.0616275508458985,0,0,not flagged,22
GTF3C4,9043,6.32497967523208,269.9412902497853,582.9290101716424,1.92473158348695,1.110645837503848,0.0234309455562703,1,0,common essential,830
LIN9,4442,20.3228855138605,270.36148544778825,563.0182160888293,1.92521062618145,1.0582642178470705,0.0751693070490442,0,0,not flagged,84
RBM12,6702,1.970075636547696,196.1810819770982,424.25749928906424,1.93011754944195,1.1127147020428614,0.0100421285105241,1,0,common essential,215
CCNT2,9081,8.19136712038253,142.6123065045792,305.44803861196704,1.93693969377536,1.098774566986888,0.0574380102331456,0,0,not flagged,18
PALB2,4740,10.5761955225192,108.334863751903,228.02669790728987,1.93922481732081,1.0736352537771154,0.0976250410647091,1,0,common essential,340
NEK2,3027,5.39178595265685,56.480747473227474,121.60673522872683,1.93976081467216,1.106255271027961,0.0954623689286799,0,1,strongly selective,6
RAB39B,3505,0.207376382794494,18.32535799957665,38.980651981037454,1.94417865809207,1.088499843839895,0.0113163618849511,0,0,not flagged,0
CALCRL,6144,0.829505531177977,22.879725075785064,48.14907993346187,1.95059378494586,1.0731076949952738,0.0362550480143614,0,0,not flagged,0
PIBF1,3669,15.449540518189778,202.80770994279192,415.94458798885745,1.95754721444148,1.0362423968826002,0.0761782701582094,0,1,strongly selective,3
AKAP5,7512,2.281140210739442,28.531159066920804,58.97789708633294,1.95921469242839,1.0473750537467716,0.0799525951745931,0,0,not flagged,1
FAM117B,5996,5.702850526848597,63.580046552168305,139.5095278381832,1.96406228348486,1.1335941927750084,0.0896956016250999,0,0,not flagged,6
PYGO1,8594,3.732774890300893,46.76541087598675,103.38749373582245,1.96734076742924,1.1443789851279864,0.0798191402658585,0,1,strongly selective,1
RNF38,6138,9.331937225752243,99.08337771562292,218.2744515640393,1.9710482653722,1.1393488183213276,0.0941826716135539,0,0,not flagged,7
FKTN,8032,4.04383946449264,88.69823704504866,191.07616323804896,1.97279120717757,1.1070833369573083,0.0455909790229407,0,0,not flagged,7
DENND2C,7408,3.940151273095392,67.27425819847839,147.1778004298285,1.97376833186948,1.12931718246117,0.0585684833784538,0,1,strongly selective,21
PTER,3998,5.080721378465108,57.78560930251707,125.0810463363376,1.97970657212307,1.1139467278325788,0.0879236446546181,0,1,strongly selective,1
NAB1,4893,3.31802212471191,56.27291167641792,126.31077444015142,1.98524833366911,1.1663230507606042,0.0589630432452348,0,0,not flagged,0
TBC1D9,5603,3.318022124711908,46.21190826121688,103.94365262569006,1.98659263445569,1.169291723656504,0.0718001538901292,0,0,not flagged,1
ELL2,7246,3.940151273095388,76.51158997569082,168.82416440942572,1.98784808300362,1.141668114286957,0.0514974433853387,0,1,strongly selective,8
ZNF280C,4634,8.917184460163257,143.22685630229196,318.56450317932087,1.98890626390185,1.153228046197199,0.0622591648687925,0,0,not flagged,1
NLGN1,10147,1.659011062355954,19.9848465617637,43.51902499748089,1.98957440034083,1.1223494955890891,0.083013450077224,0,0,not flagged,0
CUL4A,5784,7.465549780601801,103.12080105605908,231.63433312325552,1.98992752866293,1.1674361166322444,0.0723961577503974,0,1,strongly selective,11
THAP9,4332,3.0069575505201662,31.17873762128505,66.13896912886067,1.99116525664902,1.0846935134588689,0.0964425688764057,0,0,not flagged,0
PTPN3,10071,4.354904038684378,67.17257622189668,151.86105053915676,1.99533500486367,1.1766878672434318,0.064831576867001,0,0,not flagged,0
NUCKS1,6546,29.13638178262644,987.9450337505972,2212.8476118998096,1.99562968933792,1.1633933378372054,0.0294919057105982,0,0,not flagged,7
CDK11B,3130,0.311064574191742,22.560516159959537,52.4718060322439,2.02005470419939,1.217377956041762,0.0137880078623298,0,0,not flagged,0
STC1,4149,1.555322870958709,177.8100774652995,406.2014028087256,2.02078782394952,1.1918125118253151,0.0087471019254363,0,0,not flagged,0
ENPP5,4264,3.1106457419174167,39.89502992081964,89.397287804943,2.02128973646237,1.1638218280672856,0.0779707584651814,0,0,not flagged,0
NRAS,4449,34.424479543886086,355.9703241674129,818.1293853568978,2.02402642491129,1.2005491518111708,0.0967060375732226,0,1,strongly selective,99
DCLRE1A,4596,4.66596861287612,155.6139720794284,351.2295992422606,2.02887416995429,1.1743911975068746,0.0299842523812355,0,0,not flagged,1
ATL2,4885,16.901175197751293,247.67670471371957,574.0590013710967,2.03007634576569,1.212707725022478,0.0682388568488374,1,1,both,770
PCDH17,8242,0.0,51.74501224230851,119.98618930264112,2.0318118645734,1.213218098078363,0.0,0,0,not flagged,1
GRIP1,6378,0.0,13.746581858084596,32.08868676682056,2.03547093107963,1.2223922309748674,0.0,0,0,not flagged,0
GJC1,8660,7.77661435479354,155.20163704484673,360.4633272155617,2.03810931350779,1.2156557848268748,0.0501065227330458,0,1,strongly selective,23
GNAI1,4547,7.67292616339629,124.41155139939742,292.25220574932956,2.04376044950578,1.2320268770095557,0.0616737439336638,0,1,strongly selective,4
SLFN11,5982,25.1962305095311,296.02878894742827,693.4084814450056,2.04396106184374,1.2279400690856606,0.0851141221741298,0,0,not flagged,0
AKT3,7499,12.442582967669612,138.04587754448764,325.4471369971475,2.04531855502686,1.2372152415973992,0.0901336801141329,0,0,not flagged,1
KLF11,4589,3.1106457419174123,36.112477214309266,85.32932183974934,2.05095681910638,1.2403138123827433,0.0861377003703541,0,0,not flagged,0
ZBTB6,4106,9.33193722575225,260.18742247003394,584.1236177477432,2.05413719572722,1.1666917456773442,0.0358662118912647,0,0,not flagged,1
PNRC2,2564,5.080721378465115,125.98652604953054,294.7392148808023,2.05587762841234,1.2261040137436607,0.0403274980093321,0,0,not flagged,143
DCUN1D4,7625,6.94710882361556,98.293507545054,230.40952172927356,2.05687078044605,1.2289481516900052,0.0706771891361316,0,0,not flagged,4
PCDH18,5925,3.3180221247119137,93.4138193646075,222.1456986013295,2.05796578842308,1.249708817047589,0.0355196067057401,0,0,not flagged,0
CCDC89,2428,1.45163467956146,24.519415283147623,57.851686568143464,2.06119002277899,1.2380955317032225,0.0592034786636686,0,0,not flagged,0
POGZ,10272,14.827411369806342,155.5794216279024,368.4380205463455,2.06438233778404,1.2437171266927312,0.0953044510299626,0,0,not flagged,334
EZH2,4522,11.92414201068342,129.39574838827068,307.50566816088957,2.06735453619997,1.2487582134222823,0.0921525023751422,0,1,strongly selective,81
ZXDA,5204,0.0,14.884594881363292,35.16360021321139,2.07178135319116,1.239704126160764,0.0,0,1,strongly selective,2
FBXO5,3823,102.75499767467196,1496.9387244276702,3560.7269246794617,2.07238078693823,1.2501510450132929,0.0686434227386018,0,0,not flagged,1160
SGCB,4541,6.11760329243758,129.24075243974482,306.77373776005584,2.0748787103653,1.247049330038465,0.0473349402332654,0,0,not flagged,1
PRKD3,10244,19.597068174079755,208.95563331092103,485.9416947728521,2.08261543793745,1.2175472174356157,0.0937857853533902,0,0,not flagged,7
RIC8B,7791,2.592204784931174,35.33285065956162,81.38560594186326,2.08497841984738,1.2035325056885544,0.0733652885782563,0,0,not flagged,0
ZNF704,15008,0.933193722575224,17.127085019349444,41.01551900714832,2.09381818019759,1.2593998541036118,0.0544864302081143,0,0,not flagged,0
RBL1,5954,8.08767892898528,97.37634975857236,238.0483174968068,2.10615210806544,1.2895235609587044,0.0830558852230266,0,0,not flagged,3
ZFP91,5220,0.207376382794494,219.91324297128753,537.4549739007372,2.10623127349259,1.289170652662419,0.0009429917907288,0,1,strongly selective,24
TRIM6,3947,1.140570105369719,13.383822066935512,30.088861521042773,2.10748881965963,1.168141211077035,0.0852200589387299,0,0,not flagged,0
PARP8,10056,2.592204784931176,75.54721722930051,183.1862720624441,2.11283131788704,1.2777486723390437,0.034312379462811,0,0,not flagged,1
WDR17,7817,1.866387445150446,22.821408731141226,54.930501769741134,2.11324006197224,1.2668502078665942,0.0817823065674138,0,0,not flagged,0
PAPSS2,4116,3.732774890300901,70.74892773493274,173.46062680083057,2.11525380502189,1.2937073057463069,0.0527608687482314,0,0,not flagged,0
PPP1R3B,5776,1.347946488164214,19.20357215377136,46.93974831242576,2.11641119532512,1.288991656637613,0.0701924869691232,0,0,not flagged,0
KBTBD2,4987,6.117603292437589,81.6783091817553,199.68180577746853,2.11811767119767,1.2895736069210568,0.0748987503992564,0,1,strongly selective,80
ZIC5,4639,7.2581733978073055,86.2404578717924,215.78723914401272,2.1183619460418,1.3230723868182095,0.0841620461778799,0,0,not flagged,3
RBBP8,5091,10.26513094832747,177.31891520813426,416.83311220754086,2.12259991867743,1.2330766958825916,0.0578907835990222,1,0,common essential,1128
ZNF618,10384,3.52539850750641,50.07328402069685,123.6578233297571,2.13152350406273,1.3040691099705233,0.0704047792441425,0,0,not flagged,0
SNAI2,2282,4.043839464492637,501.49981053595616,1243.4662506906225,2.13184001141327,1.3100291253743024,0.0080634915099388,0,1,strongly selective,106
BNC1,4795,0.0,25.67113047777849,63.98743583284131,2.13273796819013,1.317305391236521,0.0,0,0,not flagged,5
KLHL11,2383,26.23311242350353,276.86230437148384,691.302134509804,2.13544821132296,1.320116501642849,0.0947514775731436,0,1,strongly selective,198
DENND4A,8902,9.539313608546736,106.691352220985,265.785318245409,2.1386690262189,1.316737233531385,0.0894103730992966,0,1,strongly selective,46
PDP1,5603,1.86638744515045,40.61858336113311,101.65413673298802,2.13949143328832,1.3232438740105177,0.0459491023740711,0,0,not flagged,0
CCNE2,4399,3.110645741917414,76.17256721661384,186.6870388167046,2.13992068893947,1.293166235219693,0.0408368242739094,0,1,strongly selective,31
PELI2,6278,5.184409569862362,65.98592762425127,164.33020091460637,2.14115090452627,1.3162365269377485,0.0785684123345866,0,0,not flagged,1
CSNK1G1,8414,4.147527655889883,72.68327976611084,182.35647366060735,2.14524440638252,1.3269466247136417,0.057063022874536,0,0,not flagged,0
TIGD4,2472,0.518440956986236,18.25899051915015,45.16776829396985,2.15164675739496,1.3062160879146445,0.0283937360306141,0,0,not flagged,2
AIDA,4517,6.22129148383483,72.81961291638025,182.19009797546576,2.15459769533314,1.3229266524572016,0.0854342839061617,0,0,not flagged,0
ZNF236,8770,2.38482840213669,43.89203674538496,110.77277275833326,2.1567287940589,1.3353737756539092,0.0543339653151876,0,0,not flagged,260
TLK2,8583,0.0,70.78132220455264,183.0019895256796,2.16142578120546,1.370293739067736,0.0,0,1,strongly selective,770
KBTBD8,4740,1.9700756365477,127.39519507168676,315.8033174202899,2.16834816971094,1.309647902880986,0.0154642852537657,0,0,not flagged,2
PGBD4,2318,2.488516593533936,104.7644828133901,268.59025282025254,2.17718514882851,1.358173262632859,0.0237534374886053,0,1,strongly selective,4
PRDM11,5527,0.829505531177978,10.614815265584385,26.61514752754637,2.17764686118589,1.325351761976471,0.0781460167156578,0,0,not flagged,1
PAPOLG,8501,19.286003599887977,196.0106586187683,498.28410993263714,2.17805314415205,1.3459918128031845,0.0983926268897364,0,0,not flagged,0
ZMYM1,4828,10.1614427569302,126.31478558569964,309.2258914441341,2.18177566144535,1.2915700440546567,0.0804453944945032,0,1,strongly selective,8
MBNL2,4884,11.198324670902688,154.73514346286612,383.8626538286993,2.18268474798171,1.3107336572314612,0.0723709198847261,0,0,not flagged,0
SYDE2,6451,2.177452019342192,24.184870170116767,61.78857746332816,2.18284255598352,1.3528724315049965,0.0900336451684858,0,0,not flagged,4
RPL7L1,7809,18.560186260107212,276.2007399942959,710.5355811975824,2.18355325272996,1.363157783232556,0.0671981771681369,1,0,common essential,355
SFMBT2,9955,0.518440956986236,40.261662617139216,104.14351647924046,2.18963827190904,1.370874608792637,0.0128767895632193,0,0,not flagged,4
CCDC77,3614,9.85037818273848,123.85780697826252,313.6058546986547,2.18983681513364,1.340197213719175,0.0795297319002851,0,0,not flagged,31
SOX11,8718,2.592204784931175,177.70322286576177,467.4360185552867,2.19301282468522,1.3952487397878903,0.0145872693985372,0,1,strongly selective,20
MASTL,3631,13.686841264436628,212.2553276825008,544.9876801341042,2.19335801146178,1.360381354280379,0.0644829103414068,1,0,common essential,1159
SOCS5,5034,2.281140210739439,46.5273677784167,118.65092681652663,2.19359394297885,1.3503834390888212,0.0490279231269477,0,0,not flagged,72
PUM2,6858,15.034787752600838,404.9112808238836,1050.2593833596584,2.19396996693796,1.3750460402637923,0.037131066642572,0,0,not flagged,31
NHLRC2,11223,9.746689991341231,109.23765143044392,288.0859293390716,2.20661481115201,1.39894701055201,0.0892246387917571,1,0,common essential,826
ZBTB26,4645,4.25121584728713,133.3436476635457,348.9155336803037,2.21086799868724,1.3876618870524635,0.031881652570461,0,0,not flagged,0
TRIM2,9333,3.525398507506406,81.28714094768935,213.37822497138563,2.21302561490628,1.3922040469413235,0.0433696949653463,0,0,not flagged,0
ACVR1C,9195,0.829505531177978,10.355487896495704,25.68040919511994,2.21303141322877,1.3094418448477767,0.0801029888180046,0,0,not flagged,2
HDX,6895,1.762699253753197,25.978895139197757,66.34420315605469,2.21731406502815,1.3522925527972545,0.0678512016892351,0,0,not flagged,0
ZNF391,4834,3.421710316109157,44.34231533655702,113.43405151812348,2.21747838238742,1.3548996377065388,0.077165801788618,0,0,not flagged,0
ZNF823,2459,8.50243169457427,100.34177726796774,249.54129534756115,2.21798558319115,1.314270224863387,0.0847347129587719,0,1,strongly selective,1
FBXL20,3261,8.50243169457427,568.4511933310181,1508.834491041972,2.22618558336514,1.4083103519317464,0.0149571885754194,0,0,not flagged,1
RAP1A,5733,9.33193722575225,236.56016891805757,633.068930915741,2.23439973436679,1.42011721913264,0.0394484721093716,0,0,not flagged,70
MMP16,12115,0.207376382794494,22.459715005041176,59.32344328683136,2.23650079635781,1.400863682693831,0.0092332597607737,0,1,strongly selective,2
SLC9A6,4710,3.6290866989036497,99.69556767351644,266.0345792001887,2.23837414107489,1.415922034406439,0.0364016854870439,0,0,not flagged,0
RMND5A,6804,4.76965680427337,133.9018458972668,354.60870804273947,2.24060982007867,1.4049850604541991,0.0356205455743513,0,1,strongly selective,435
RSBN1,6819,6.739732440821068,110.91438380066388,294.84410508711306,2.24133008846664,1.410424741305222,0.0607651795003771,0,1,strongly selective,2
SASH1,8598,5.5991623354513465,74.8630132199048,200.27937507232437,2.24261002871771,1.419568170126959,0.0747921048676494,0,0,not flagged,0
SLC4A4,8361,0.9331937225752248,15.109835160003325,40.79316665598469,2.24405089070551,1.4322387103094274,0.0617606818799351,0,0,not flagged,0
GORAB,3773,3.00695755052017,88.64614876928708,237.43585223682155,2.24473289046019,1.421305956880147,0.0339209045431422,0,0,not flagged,0
DTL,4892,54.53998867495197,547.9559441911537,1473.9671840111807,2.2458258795374,1.4275560545288617,0.0995335286588765,1,0,common essential,1186
FBXO34,4133,14.62003498701189,207.53619012619757,561.9684716781279,2.25321880140035,1.4370824156228132,0.0704457134831366,0,0,not flagged,1
KIF4A,4723,8.91718446016325,105.17168596955088,284.7504657672889,2.25674678627944,1.436865338861623,0.0847869307975621,0,0,not flagged,760
CNOT6L,9367,0.933193722575224,63.07768001968177,170.21434843123768,2.2567470931171,1.432007207638215,0.0147943570892912,0,0,not flagged,27
KDM6A,6805,17.10855158054581,235.0362895673419,639.612080600585,2.26035689663161,1.444274837042713,0.0727911064799375,0,1,strongly selective,10
PHF10,5388,10.9909482881082,140.00098404303304,382.9156064821602,2.26054866336452,1.451524124456735,0.0785062216757693,0,0,not flagged,24
TRERF1,7732,0.622129148383483,12.846330172945036,35.33969370975387,2.26093793100017,1.4592188292201798,0.0484285504115187,0,1,strongly selective,15
PTPDC1,6301,3.421710316109162,51.00407541590605,138.15757292340024,2.26675840348277,1.437451799260379,0.0670869982095994,0,0,not flagged,1
HSDL2,3455,26.1294242321063,405.38680076731447,1100.6867551992943,2.26767029438621,1.4410104486529656,0.0644555377300115,0,0,not flagged,4
ARHGAP35,11245,1.036881913972471,108.52014798208272,293.4826637164819,2.2677461985519,1.4352285849690587,0.0095547410619423,0,0,not flagged,0
ZNF432,5985,2.0737638279449433,58.31406510060408,153.53086706885293,2.26884384405523,1.3964595183737851,0.0355619836203712,0,0,not flagged,1
NMD3,4869,25.81835965791451,294.78722963083675,791.029663165176,2.26962802101007,1.4240270673266766,0.0875830329904282,0,0,not flagged,1179
P2RY1,3106,3.5253985075064014,82.89508008520427,221.90292728780923,2.27140663464797,1.420461300547976,0.042528440817993,0,0,not flagged,0
CXXC4,5819,1.762699253753197,18.356740282472163,49.96021874659818,2.27210104423954,1.4439729329832616,0.096024633275239,0,0,not flagged,0
RABGAP1,8181,7.4655497806018,141.0880556041206,388.3022898402105,2.27744551120011,1.460519261288131,0.0529141162845805,0,0,not flagged,0
ZMYM5,3713,2.384828402136686,65.43342374867682,176.0726032299871,2.28014560308989,1.427932247873943,0.0364466394315017,0,0,not flagged,0
OTX2,2470,0.0,10.160691004994112,27.642476625827985,2.2824853684143,1.4429909972714174,0.0,0,1,strongly selective,7
LPL,4382,1.24425829676697,17.759235904781814,48.902022616597854,2.28275851027924,1.460807479084214,0.0700626031118795,0,0,not flagged,0
CCNT1,7265,38.98675996536496,440.62666709115257,1212.7189885767932,2.28364066636853,1.4605957265815934,0.0884802552299898,0,1,strongly selective,131
ARHGAP20,7125,2.903269359122922,37.20207388475669,101.91917715145304,2.28835632928786,1.453724379630037,0.0780405245179763,0,0,not flagged,0
KCNQ5,7600,4.665968612876122,48.96549210392504,135.70315766810907,2.28949793191867,1.4704287059470416,0.0952909572107027,0,1,strongly selective,9
ZBTB5,4627,2.073763827944942,67.14332400273156,187.02379150464608,2.29590246898101,1.477768228147405,0.0308856294910358,0,0,not flagged,3
TCEANC,5441,1.14057010536972,17.089472403302654,47.447359846638825,2.30463885720282,1.4726800305088583,0.0667410952458249,0,0,not flagged,0
LRRTM2,6095,0.311064574191741,22.849188760169408,61.234866619099115,2.31591885266575,1.421814721060678,0.0136138126152639,0,0,not flagged,0
ARHGEF10,10792,1.86638744515045,29.87373109411828,83.8999646769003,2.31946336251269,1.489481862039131,0.0624758735114247,0,0,not flagged,0
TSHZ2,12582,1.036881913972471,10.732528113376048,30.622561204211777,2.32104960373412,1.511732443781066,0.0966111528447985,0,0,not flagged,0
SMURF2,6961,7.672926163396289,90.40505929415124,258.13151997223775,2.33104275690283,1.513527216652142,0.084872751849328,0,1,strongly selective,53
GNAQ,6738,2.281140210739442,128.34453001073442,358.3476769722911,2.33135099413867,1.481266047418269,0.0177735678376682,0,1,strongly selective,346
FAM13C,6750,0.8295055311779771,17.949843171940994,50.49080937280383,2.33193122227196,1.491531757714955,0.0462124110629919,0,0,not flagged,0
MIER3,5763,5.3917859526568535,231.48596541240127,656.9641368160842,2.33315568419062,1.5048495269650548,0.0232920641346492,0,0,not flagged,8
OSBPL11,4191,8.19136712038252,83.10348667858106,238.4907029352165,2.33539043510433,1.5208390136263832,0.0985682724969679,0,0,not flagged,3
PTCH1,16591,2.695892976328424,36.720791879672966,105.56091958529193,2.33573789009406,1.523150582104413,0.0734159814734483,0,0,not flagged,1
GOLGA1,6009,4.3549040386843805,44.07228230060456,126.36773642542288,2.3405031124128,1.5194715062384827,0.0988127641990676,0,1,strongly selective,3
MTPAP,8382,11.302012862299948,218.9288532487818,628.7164750810143,2.3420144773187,1.521904514655777,0.0516241358531979,1,0,common essential,856
WDR47,4536,12.131518393477936,141.42007784240977,408.222540831583,2.34837087943704,1.5293022165614452,0.0857835646717475,0,0,not flagged,8
NFIL3,2085,5.184409569862364,89.74777561293848,260.01371124113047,2.3510110913485,1.534534358356339,0.0577664408332695,0,1,strongly selective,4
PANK1,4127,2.073763827944938,32.77753989853817,91.23225504873297,2.35101458102148,1.4765544451620018,0.0632678301777439,0,0,not flagged,1
ZNF623,4334,6.63604424942382,102.56503165657544,294.3853301161123,2.35911053207295,1.5210751871670825,0.0647008453294655,0,0,not flagged,1
SH2D4A,4148,1.555322870958707,18.32916306475765,53.43870526401404,2.36638638329665,1.5432271997905938,0.0848550948815115,0,0,not flagged,0
SUZ12,6547,3.21433393331466,99.1243632403943,283.6612483681888,2.36665296601231,1.5167627980845697,0.0324272845568684,0,0,not flagged,413
PTAR1,12200,12.442582967669663,153.0419847118443,439.6920630775954,2.36892568376016,1.522504548446256,0.0813017616773412,0,1,strongly selective,281
GABPB2,9189,3.94015127309539,58.829412020975894,173.26482935866412,2.37040448584317,1.558207362673666,0.0669758737634588,0,1,strongly selective,64
FOXO3,7721,11.405701053697182,126.37736664285042,370.3334649052087,2.37534007476097,1.5510116169509665,0.0902511371828971,0,0,not flagged,222
NR2C2,5897,11.9241420106834,189.61295947344763,562.4138390210582,2.37679943893813,1.568524090336065,0.0628867459470943,0,0,not flagged,19
MEGF9,6433,2.799581167725677,64.83779010432771,190.87546797057917,2.37773526953709,1.557577959179436,0.043178232373759,0,0,not flagged,0
PRDM6,9350,1.451634679561462,31.541335261013803,91.31920196480712,2.37829394194504,1.5333751653205507,0.0460232475115197,0,0,not flagged,0
CDC7,3599,35.15029688366679,463.9418503023069,1333.9528090662686,2.37957920679147,1.5236714517566272,0.0757644451794178,1,0,common essential,1185
ZNF782,4619,3.00695755052017,32.43834163010427,88.18140613653236,2.38303836962378,1.442493331516708,0.0926976349410407,0,0,not flagged,6
ZNF367,3646,4.769656804273363,73.47894256014432,217.2355406745173,2.38691653784377,1.5637274659000753,0.0649118868357323,0,0,not flagged,43
MED1,7330,15.864293283778776,195.39251188386788,583.1095109138827,2.39689042737077,1.577342582332825,0.0811919204621708,1,0,common essential,806
ZMYM2,11565,11.613077436491682,197.9235213016641,577.2248781327444,2.40383519322697,1.5441425114346303,0.0586745696525461,0,1,strongly selective,29
KCTD9,4380,5.18440956986236,135.9023571430053,405.57142956270894,2.40528290637721,1.5773149650782834,0.0381480474573887,0,0,not flagged,65
FBXL3,4651,15.24216413539532,263.77374422173466,789.4768931323133,2.41791639799555,1.5815596543427624,0.057784993651917,0,0,not flagged,1
ASB7,5397,6.0139151010403396,106.79266965386948,326.64682893134,2.41859134219074,1.6128280910713173,0.0563139316634026,0,0,not flagged,9
FBXO48,5666,1.970075636547697,39.17804482904062,118.43585927471815,2.41993428507543,1.5957422637006395,0.0502851953216252,0,0,not flagged,1
ZNF184,3122,5.495474144054098,257.6944915965914,738.2009735148314,2.42069396319552,1.5183155009092628,0.0213255398282125,0,0,not flagged,0
LMO7,13143,2.903269359122926,54.290286754972065,164.6177080530347,2.42401919611163,1.6001754504665062,0.0534767733356471,0,0,not flagged,0
CCDC121,2844,2.384828402136687,41.565746932329326,121.77006651716724,2.42854625907881,1.5504639183575104,0.0573748477567185,0,1,strongly selective,16
RGL1,5415,2.6958929763284263,79.38687493566526,243.4199984660453,2.43451248439071,1.616352836736919,0.0339589255593341,0,0,not flagged,0
MAP3K1,7716,5.702850526848592,102.28761983083616,312.6823613119011,2.4353752902845,1.611971398294875,0.0557530866030512,0,0,not flagged,10
TRAF6,4871,8.81349626876601,94.19853943517668,288.7448819444405,2.43784771665943,1.615915595737394,0.0935629822034668,0,1,strongly selective,38
ANKRD28,11276,2.3848284021366832,24.257969274784713,73.58742600345293,2.43898528339698,1.6006019204290982,0.0983111312873013,0,0,not flagged,0
ZNF300,4411,4.562280421478883,76.42226175983002,223.16964967234455,2.44022957276833,1.5459518551292242,0.059698317171201,0,0,not flagged,0
PTPN11,6996,8.191367120382523,185.52573080871284,571.5278353741588,2.4448528101019,1.6231519564866546,0.0441521889426123,0,0,not flagged,791
CNST,5922,3.318022124711911,51.22426474190248,158.14640113079565,2.44544545472327,1.6261710559557,0.0647744216814048,0,0,not flagged,0
BUB1B,4476,30.1732636965989,364.4101622381432,1122.059384465867,2.44844606530078,1.6224872031253117,0.0828002806268629,1,0,common essential,1166
KLF12,11209,4.56228042147887,102.2945543208564,314.19458715580896,2.44845974544321,1.61883387169495,0.0445994457062577,0,0,not flagged,1
MLLT10,6844,7.983990737588027,214.9184788799207,664.6086589225812,2.45064598508718,1.6286701384535545,0.0371489263240544,0,1,strongly selective,5
CCNG2,7471,3.421710316109158,76.23854080117474,236.33875232575147,2.45176818432332,1.6321356152879385,0.044881634408937,0,0,not flagged,0
TULP4,11123,0.0,136.87897724122288,425.1382799056851,2.4528998108116,1.6349598203188065,0.0,0,1,strongly selective,15
TAB2,5758,6.532356058026574,265.09831138664066,818.2305431494952,2.45534766316479,1.6259431226403496,0.0246412586480011,0,1,strongly selective,11
ADAMTS3,6585,2.38482840213669,24.24133008600265,76.09873606011784,2.45602645420389,1.6499981860692143,0.0983786118037198,0,0,not flagged,4
DUSP16,4039,9.85037818273849,127.43256478793806,399.9828177810119,2.45904223995395,1.650126888810857,0.0772987516898103,0,0,not flagged,2
ZDBF2,10282,9.85037818273848,116.99318728670612,360.5041682583944,2.46439580303127,1.6235081278666563,0.0841961691205054,0,0,not flagged,1
RPS6KA6,2890,0.622129148383483,43.28492895713082,134.67490611723787,2.46992940995319,1.6373182195929563,0.0143728813555322,0,0,not flagged,0
MXD1,6321,7.672926163396295,77.30724633210168,239.81378872727487,2.47072134512145,1.633112608686203,0.0992523537888598,0,0,not flagged,0
CARD6,4397,1.140570105369719,19.480238084447834,60.83962994470272,2.47166338844222,1.6424967752051016,0.0585501111652377,0,0,not flagged,2
NUP50,8318,9.43562541714949,137.41359131471074,429.8746186691337,2.47189755575924,1.6453198005714509,0.0686658817870468,0,0,not flagged,665
TSHZ3,5817,4.873344995670617,50.03099014358708,155.8087778371166,2.47515663158295,1.6386868631302132,0.0974065270682091,0,1,strongly selective,4
SETD5,10808,16.382734240765057,172.0577095545697,539.7779634304369,2.48141909268197,1.6494164221498993,0.0952165077820539,0,0,not flagged,237
ZNF518B,10905,6.8434206322183195,84.1179048374289,257.8945702324348,2.48360923953329,1.6161810185685854,0.0813551008604447,0,0,not flagged,0
HCFC2,5110,1.45163467956146,88.88273242060536,277.3864221166369,2.48475905440948,1.6418118008187514,0.0163320213052421,0,0,not flagged,0
POLD3,5508,20.8413264708467,307.4315292476867,978.5002924354249,2.48780574805609,1.670274968229059,0.067791766582456,1,0,common essential,1186
ZNF468,5281,1.65901106235595,44.61571070579501,137.0786643070627,2.49219076351975,1.6191622306788946,0.0371844589296313,0,0,not flagged,219
ISL1,3216,2.90326935912292,47.82223961296669,152.109797017604,2.49407159943313,1.6691526707667876,0.0607096067147745,0,1,strongly selective,32
CHML,7078,0.103688191397247,58.86596503177282,164.77376558887386,2.49590265213576,1.484823408810819,0.001761428549439,0,1,strongly selective,7
ZNF510,5921,7.2581733978073,77.4835190005742,232.04275223672977,2.4960977842598,1.5823052446099843,0.0936737707763829,0,0,not flagged,0
KLHL4,5818,0.0,51.46750798393558,161.37920147481523,2.49610738751442,1.6485299315770277,0.0,0,1,strongly selective,1
PABPC4L,4944,0.622129148383483,104.65319816330634,336.6231768771246,2.49715862139535,1.6854231197033906,0.0059446740214539,0,0,not flagged,0
ZBTB33,5313,15.449540518189776,191.14830802957272,599.4307613939673,2.49720230491032,1.648849285812637,0.0808248876354143,0,0,not flagged,0
IKZF5,4821,8.917184460163256,130.7907745954468,416.86338892163104,2.49721268893074,1.6722381963397717,0.0681790018275011,0,0,not flagged,1
TET3,11439,1.34794648816421,29.991449654191996,93.2485015205704,2.49859005628053,1.636203035944535,0.0449443592659351,0,0,not flagged,0
N4BP1,7839,5.184409569862359,58.135078681098385,187.07223514263856,2.49918989566426,1.6859435761300876,0.0891786798518255,0,0,not flagged,0
EHHADH,4700,2.7995811677256723,37.97260022161084,121.99764507247694,2.50541381563593,1.683560972429323,0.0737263487721966,0,0,not flagged,0
IPCEF1,8474,0.0,12.407011112783271,35.479442331340614,2.50666790138084,1.5150719590093753,0.0,0,0,not flagged,0
ZNF214,2949,1.86638744515045,59.68884207174715,180.12161690779672,2.50826592208307,1.5932765728252525,0.0312686153788511,0,0,not flagged,0
PLAG1,7833,3.732774890300897,175.55688500186253,554.1382235227074,2.51025635223106,1.6582511669383444,0.021262480763778,0,0,not flagged,0
USPL1,3904,6.117603292437588,431.6409621713348,1322.440371667078,2.51501416932577,1.6152764730872202,0.0141728979141911,1,0,common essential,1171
RAD21,6192,12.961023924655894,293.89159114961086,952.5089908574706,2.51988861334451,1.6964146870439758,0.0441013772253791,0,0,not flagged,1182
SHOC2,4433,4.35490403868438,251.16360327925176,788.4464421481093,2.52025834762223,1.650346202025312,0.017338913687436,1,1,both,227
ZNF701,6294,2.48851659353393,26.028030111327897,83.56552835809958,2.52115470711955,1.6824602639157236,0.095609102298175,0,0,not flagged,2
ZNF264,3042,9.02087265156051,393.5426265574897,1269.3902320398429,2.52321700175212,1.689518537957341,0.0229222250470565,0,0,not flagged,0
ZNF567,4724,1.7626992537532,68.24782428928341,200.41313733837865,2.53532990942164,1.5539827318650363,0.0258279186495618,0,0,not flagged,0
ERCC6L,4361,8.19136712038253,110.77135336174042,351.6926659396258,2.54039508085286,1.66664120234725,0.0739484250375852,0,1,strongly selective,138
TOPORS,4098,8.91718446016325,277.1752264439105,844.9558787688838,2.54539238364073,1.6080427179227574,0.0321716503114961,0,0,not flagged,2
ZMYND11,5300,11.1983246709027,136.71185904611073,450.4012098315744,2.54612541980411,1.7199988146547722,0.0819118747198491,0,0,not flagged,2
RCHY1,6565,3.525398507506409,43.788240755869914,145.62247541590605,2.5530797281813,1.7333872788392666,0.0805101654382819,0,0,not flagged,8
ZBTB39,6170,8.81349626876601,92.95544509208214,305.35188273996204,2.55497946810457,1.7157535101547996,0.0948142011480372,0,0,not flagged,125
FRS2,7266,11.6130774364917,491.2423873669854,1610.183775467436,2.55673067427593,1.7126979933158228,0.0236402186275837,0,1,strongly selective,63
DLEU7,3656,0.0,13.344796066034135,43.9422010920027,2.55815785599537,1.7185774707070227,0.0,0,0,not flagged,0
PUM1,6621,31.62489837616039,515.8731387493807,1729.601690313617,2.5603378518337,1.7453319803076035,0.061303634557961,0,0,not flagged,185
ZFP37,6354,0.622129148383483,33.10406739538705,99.27516223493473,2.56270983616294,1.5841339013258129,0.0187931332108807,0,0,not flagged,1
SESN3,10370,8.606119885971513,219.23672099554412,725.3173572116842,2.56328962877692,1.7260769979314536,0.0392549197364908,0,0,not flagged,0
RC3H2,11545,4.977033187067864,182.46892616498965,605.3736716690933,2.56646557664554,1.730119901554106,0.0272760589524574,0,0,not flagged,0
ZNF717,6917,2.3848284021366837,35.9735755785072,119.36377495954714,2.57086061336273,1.7300754729192218,0.0662938938869764,0,1,strongly selective,3
ZNF699,3623,1.34794648816421,28.45683766138728,95.94895155584614,2.57219583365378,1.7531351597445226,0.0473681054867604,0,1,strongly selective,11
ZNF445,10930,2.07376382794494,46.27264057031129,154.99482961679846,2.5737438597113,1.7437700852725977,0.0448161981331896,0,0,not flagged,0
ZBTB34,6606,1.45163467956146,146.8355690960012,491.8325552488627,2.57683405029988,1.7438968307545424,0.009886124244272,0,0,not flagged,5
ESF1,3216,7.776614354793536,155.480409037283,439.1956008373966,2.58989359458774,1.4980708572411805,0.0500166831496356,1,0,common essential,1100
DCUN1D3,6248,2.7995811677256737,30.586273085010863,102.81845557903344,2.59237072750969,1.74881171997058,0.0915306405571079,0,0,not flagged,3
HIPK1,9215,14.516346795614634,148.39378605470924,511.94850270549586,2.59681495716911,1.7864989776706222,0.0978231446312907,0,0,not flagged,53
WDHD1,6385,21.15239104503845,268.1015201716568,900.7140704423991,2.60013139389415,1.748252005589663,0.0788969455730622,1,0,common essential,1164
TAOK1,16980,0.207376382794494,231.7050766618893,774.2186267534222,2.60036528477086,1.7404077346539295,0.0008950014638527,0,0,not flagged,3
FGD6,10044,3.21433393331466,44.723080291971335,154.0348871405764,2.60411716569714,1.7839367891417075,0.071871926359502,0,0,not flagged,6
PJA2,5222,17.108551580545786,177.28924578422345,594.952324294108,2.60651051081377,1.7466119141877845,0.0965007860734451,0,0,not flagged,0
PPIL4,2646,29.96588731380439,424.4913732102611,1452.7874514217565,2.61740870886629,1.774992451046338,0.0705924530036598,1,0,common essential,1120
FRYL,18170,4.562280421478878,52.47654505807583,179.90764708476078,2.62097717012923,1.7773171591981116,0.0869394205817055,0,0,not flagged,2
ZNF189,3312,2.38482840213669,163.04675679950415,556.9088135891025,2.62119448236951,1.7720928047578923,0.014626653414942,0,0,not flagged,0
GPBP1,6493,25.403606892325552,409.5493731765255,1364.7557435490676,2.62297800743257,1.736508822334266,0.0620281913638187,0,0,not flagged,20
BMPR1B,6312,3.42171031610916,49.02993963047566,170.3019131606076,2.62510411383198,1.796150245583319,0.0697881813010089,0,0,not flagged,2
PCDH9,6900,1.7626992537532011,236.4137083247658,790.7204568848798,2.62682465203271,1.741811279853604,0.0074559942663381,0,0,not flagged,0
ACBD5,4339,6.947108823615566,150.68451311519766,525.988186658231,2.62721849272844,1.8034309375050273,0.0461036683863094,0,1,strongly selective,13
SIX4,6658,4.2512158472871375,185.94445457155928,654.2448743030213,2.62936241278438,1.8149034592447129,0.022862826735449,0,0,not flagged,5
REST,7875,11.405701053697223,127.4464443697022,439.9465711349162,2.62975125295305,1.787356800074025,0.0894940703140455,0,1,strongly selective,49
SERTAD4,5467,2.903269359122918,86.14965547208267,306.37050924666306,2.63332933407948,1.8302401353750213,0.0337003014488402,0,0,not flagged,0
IKZF3,2778,1.036881913972471,129.23829776257728,453.7943946030896,2.64021555389199,1.8119253000589115,0.0080230236077336,0,1,strongly selective,32
ZNF148,10574,1.970075636547696,105.4756575955,352.9335379553051,2.64427494366613,1.7423905516241198,0.0186780123628425,0,0,not flagged,3
RPS6KA5,5133,4.5622804214788815,138.04999434298884,494.0046637549731,2.64785394013727,1.8392585354407656,0.0330480304848385,0,0,not flagged,0
TGS1,3869,14.7237231784091,177.2018576731534,615.4074552568295,2.6497282792929,1.7960902224830402,0.083090117517655,0,1,strongly selective,921
ZNF217,6181,2.281140210739438,164.9920335944982,588.9944925292749,2.65508553476063,1.8357948326918827,0.0138257597111979,0,1,strongly selective,480
STOX2,10952,1.14057010536972,33.42086387767367,119.51836090300836,2.65536750721858,1.8381004311783664,0.034127487235052,0,0,not flagged,0
GCNT1,6477,2.07376382794494,24.197797639000143,84.33933409364415,2.65863623872389,1.80090484626964,0.0857005194804426,0,0,not flagged,0
HOOK3,15250,3.836463081698141,47.93884911635838,171.2761121290281,2.66046579626818,1.836840089765872,0.0800282683546737,0,0,not flagged,0
NAPEPLD,7561,3.110645741917413,41.55511440646385,147.52097042422977,2.66570740403635,1.827572756255802,0.0748559060983732,0,0,not flagged,0
DCP1A,6154,12.027830202080688,237.97511837458293,859.8786064820124,2.66626083867645,1.8532784171397616,0.0505423856251575,0,0,not flagged,11
ZNF483,5738,9.746689991341237,207.74103130619972,751.6902193132945,2.66842235239818,1.8553017859904668,0.0469175007462782,0,0,not flagged,0
ATF7IP,8410,12.131518393477895,144.1553029518117,518.5504960393118,2.66903107432974,1.846788320720146,0.0841558939911716,0,0,not flagged,58
PLSCR4,4227,2.281140210739438,25.51795225091808,88.79497275603636,2.67359835579638,1.798562649296234,0.0893935449172794,0,0,not flagged,0
MTF2,5909,12.131518393477949,254.2535941933223,906.22500884598,2.67628960096389,1.8335603150295656,0.047714245424801,0,0,not flagged,27
KLHL2,3872,4.458592230081634,48.25517737637984,175.54715996484106,2.68453400918811,1.8628862506436636,0.092396142186062,0,0,not flagged,6
ZNF225,5284,5.70285052684859,58.73237451133466,205.54519656880788,2.69258769467912,1.8070523553921312,0.0970989266873248,0,0,not flagged,10
RUNX1T1,13527,1.140570105369718,14.841102888042736,54.46398111533461,2.69674057877551,1.874997233413991,0.0768521122704875,0,1,strongly selective,5
ARHGAP5,10887,7.050797015012812,158.51785616145227,532.6582618895803,2.69703039677924,1.7485009531928868,0.0444795128179849,0,0,not flagged,37
ZNF426,2760,13.479464881642135,177.0223317613121,651.3614157906953,2.69708878418562,1.8794675445739308,0.0761455616787217,0,1,strongly selective,3
ZNF281,4895,12.857335733258632,204.5036554103664,743.8412343329459,2.70426993582397,1.862816944687942,0.0628709335657522,0,1,strongly selective,47
SAMD9,6852,2.17745201934219,24.443862401857988,82.32668489018766,2.70706665401768,1.7514730110105257,0.0890797036714083,0,0,not flagged,1
TNFAIP3,5023,0.8295055311779771,16.371494663043737,59.83414117401722,2.71013801205954,1.869143016356683,0.0506676725766807,0,1,strongly selective,18
DIS3,7602,27.58105891166775,315.1746818366846,1099.923025337078,2.71509598580667,1.8031463552907223,0.0875103886864857,1,0,common essential,1066
IPP,3705,2.281140210739439,37.52361847374891,140.6803206790958,2.71534931411036,1.9062677895480795,0.0607921171657605,0,0,not flagged,32
MED13,12677,1.24425829676697,429.26848294438014,1585.0397831197304,2.71666433996692,1.8845423867320812,0.0028985549748085,0,0,not flagged,75
BLZF1,3820,16.69379881495679,196.5949044405378,705.4254664043739,2.71943504603423,1.843214799264132,0.0849147075427176,0,0,not flagged,8
ZCCHC7,3992,9.85037818273848,192.2357777886043,709.078520047288,2.72008244898759,1.883013826296562,0.0512411284520128,0,1,strongly selective,28
IKZF2,12220,0.518440956986236,13.589992576269358,51.631669097865235,2.72094689307257,1.9249297664330551,0.0381487299626292,0,1,strongly selective,4
SETD2,10019,10.161442756930226,135.16569362997836,498.0340686807719,2.72329537551031,1.8814376432720683,0.0751776762582049,0,0,not flagged,489
RMI1,3503,6.32497967523208,139.4284017655132,511.6826353508097,2.73259889953618,1.875649530602464,0.0453636389368448,0,0,not flagged,791
LCOR,11116,2.177452019342188,174.0249852837512,644.4595981536428,2.73387560140422,1.888734951130963,0.0125122953798376,0,0,not flagged,0
TTF1,3113,5.59916233545135,113.95265113461872,426.7667928292571,2.73671435937277,1.9049206389033129,0.0491358672194185,1,0,common essential,444
ZNF484,3428,2.38482840213669,219.65428526132905,771.299033923559,2.73894133275979,1.812008684317693,0.01085719042221,0,1,strongly selective,10
INSIG2,3949,2.90326935912292,93.74325028234018,351.64399153416525,2.73927372242691,1.9072159805452993,0.0309704362754515,0,1,strongly selective,1
TXLNG,4460,31.2101456105714,375.6406761156765,1382.6279607917163,2.74414649565016,1.8799598369625588,0.083085106579247,0,0,not flagged,5
ZNF609,12111,4.562280421478874,71.93744886278343,271.4523173235158,2.74646629076902,1.9157365087447704,0.0634201030701153,0,0,not flagged,7
NCOA2,10026,11.716765627888932,156.7087559335771,594.3781655300444,2.74653866135207,1.923227541267785,0.0747677789801051,0,0,not flagged,2
ZKSCAN2,7970,4.87334499567062,61.298742120530015,232.3468318907719,2.74754218475567,1.9221773543309375,0.0795015497396063,0,0,not flagged,0
ZNF654,4966,5.28809776125961,58.844230285217385,221.10433983727137,2.75423757595195,1.9095745695180255,0.089866036748688,0,1,strongly selective,2
FGF2,6775,0.414752765588989,25.614962024183978,99.24862156039312,2.75640535048503,1.9536425529906416,0.0161918165327516,0,0,not flagged,0
SBNO1,11124,10.368819139724714,119.80289642588438,455.09461020129805,2.75672410107515,1.9254149954963589,0.0865489854507761,0,0,not flagged,1182
SYT1,6494,0.0,22.091411632747253,83.71073446036925,2.75779766179556,1.921446449530708,0.0,0,0,not flagged,0
BTBD8,1955,1.9700756365477,20.47120334208249,69.3852758006406,2.76459833897671,1.7605369710806034,0.0962364353295163,0,0,not flagged,3
ZNF830,1657,7.77661435479354,166.15220166905746,648.0605388839596,2.76737330660716,1.963558613706636,0.046804160743431,0,1,strongly selective,1171
RAPGEF2,12005,0.518440956986236,46.58384453804663,179.77745134482996,2.77209400446733,1.9480810486232296,0.0111292007374532,0,1,strongly selective,7
PLEKHA3,14193,1.86638744515045,29.733812534851037,115.02994785334796,2.77640683734972,1.951473439233885,0.0627698665605984,0,0,not flagged,3
OTUD4,9085,8.91718446016326,193.27809868732703,749.9244286107154,2.77759603448506,1.956011648066315,0.0461365489454079,0,1,strongly selective,9
ZNF25,4244,0.207376382794494,14.193544903269954,54.540984458173405,2.78011450291396,1.9413541917572348,0.0146106123739896,0,0,not flagged,0
ZNF644,7600,20.84132647084668,314.4729915823125,1087.3527962133992,2.78909069290903,1.7897794747445588,0.0662738201013091,0,1,strongly selective,21
MRFAP1L1,2180,20.7376382794494,416.66564907578703,1657.5006280879577,2.79046677734554,1.992021425905113,0.0497704534209813,0,0,not flagged,2
CSRNP3,12565,7.154485206410052,98.60726772811908,384.0624884686709,2.79098344472355,1.9614664382885192,0.0725553538927421,0,0,not flagged,0
CECR2,10247,0.103688191397247,26.828678698971142,105.75432231974744,2.79408663265977,1.978467489697316,0.0038648266118757,0,0,not flagged,28
PPFIA2,8300,0.0,11.747925289151908,43.113954332879985,2.79511879826954,1.874855958785325,0.0,0,0,not flagged,3
KRIT1,6204,8.398743503177025,106.46905989335824,411.8496519985785,2.79751889892249,1.9515830600881192,0.0788843586257772,0,0,not flagged,7
FNIP1,6674,5.702850526848591,140.04025490703626,552.5025693299546,2.8048547231221,1.980062676045094,0.0407229373485098,0,1,strongly selective,25
BNC2,14812,0.933193722575224,20.205770415932683,80.50651733091797,2.81035002810924,1.9938035858804,0.0461845157776998,0,1,strongly selective,1
HOOK1,6845,4.35490403868438,59.96823412752713,222.55977689043604,2.81195011088426,1.891746747811353,0.0726201813684114,0,0,not flagged,4
RNF111,7181,5.59916233545135,111.87238551787937,446.01843213064154,2.81759918943094,1.9951527579243584,0.0500495480589934,0,0,not flagged,1
ZNF813,6285,1.7626992537532,51.05971504318384,200.52074052026455,2.83216895052871,1.97328349843199,0.0345223088742738,0,0,not flagged,2
PGGT1B,3246,2.28114021073944,76.1560840062692,280.8442658963689,2.83476548712202,1.882601088003164,0.0299534861922739,1,0,common essential,255
MYLIP,3033,13.5831530730394,157.28928564717847,637.7738061713684,2.83634515237925,2.0195553479324317,0.0863577771184509,0,1,strongly selective,14
THRB,8709,3.940151273095389,52.444061505874515,214.33328276873468,2.83952735848871,2.030796815949772,0.0751305516765522,0,0,not flagged,0
PLK4,4482,7.98399073758803,267.8776079707603,1030.361583880052,2.843515608074,1.943464960529087,0.0298046215884513,1,0,common essential,1099
SOX5,8879,2.384828402136689,48.68029459921943,196.91063616466076,2.8459804022294,2.0159081706804804,0.0489896049678986,0,1,strongly selective,16
LATS1,8643,17.62699253753203,200.8176116095956,807.2481573411836,2.85230210480122,2.00707247655883,0.0877761287779889,0,1,strongly selective,1
WDR89,3208,11.302012862299897,140.67958576070598,569.3069358060638,2.85248811999077,2.0167164768886514,0.0803386845446393,0,1,strongly selective,64
ZNF611,7148,1.45163467956146,15.44140738287672,63.35708475506036,2.85455538183713,2.03599539371951,0.0940092210228975,0,0,not flagged,0
ALKBH8,4506,6.01391510104034,63.9523375882745,248.20236426342555,2.85885869227026,1.9562804124865525,0.0940374555150424,0,1,strongly selective,6
VPS4B,4315,13.064712116053146,161.5653835351537,665.3588591041606,2.86220415554285,2.041946929953759,0.0808633126118287,0,1,strongly selective,152
NRG1,7657,0.103688191397247,71.43000324095964,293.97808052340355,2.86470202135122,2.04095361248122,0.0014516055815854,0,0,not flagged,0
NIPAL1,5981,1.86638744515045,38.75096431150623,160.63711296194887,2.86631670488033,2.0512186856479615,0.0481636387199858,0,0,not flagged,0
BCL11B,7855,0.8295055311779771,10.525565267173064,43.99057923716429,2.86987821358733,2.0622547944666043,0.0788086444881989,0,1,strongly selective,16
RFX7,7670,2.073763827944944,254.2722448064036,1024.5490310676785,2.8759659315288,2.010500474326153,0.0081556830141797,0,0,not flagged,2
CTTNBP2,7035,2.59220478493118,32.93999567424107,136.51770837975184,2.87697687504833,2.0508435957334066,0.0786947518319886,0,1,strongly selective,2
CDK19,7620,3.732774890300897,66.3169090867368,276.3948064194869,2.87732275117192,2.0591165018128432,0.0562869250347411,0,0,not flagged,1
MYSM1,8938,15.24216413539531,221.0442848076772,885.9628334284224,2.88086828055598,2.0028617630672643,0.0689552509745139,0,1,strongly selective,29
ZNF570,2952,4.354904038684384,48.4265766378885,200.08373120812817,2.89170877364504,2.0465071612722405,0.0899279763516702,0,0,not flagged,0
CEP97,9550,10.679883713916457,154.72906764104422,644.2939668918638,2.89485651480946,2.0579039910370756,0.0690231245928057,1,1,both,273
PTPN12,5547,1.762699253753202,79.42147752729805,332.00599541952505,2.90102888336807,2.063470002828411,0.0221942389972201,0,0,not flagged,6
CDKL5,3576,3.3180221247119137,78.24019462959735,330.7583523689752,2.90430847044703,2.0796549597547944,0.042408152745785,0,0,not flagged,0
ZNF700,3319,3.940151273095398,56.26501490644497,225.4970884065889,2.90972582628005,2.0026063437557373,0.0700284409352225,0,0,not flagged,1
AKAP11,9913,11.820453819286172,126.51446511978786,526.4001127704312,2.91055130643612,2.0567708293068767,0.0934316388888353,0,0,not flagged,0
MPHOSPH8,4786,4.14752765588989,108.34358341814068,448.5292957080444,2.91438089085311,2.049487516213206,0.0382812486447207,0,0,not flagged,68
ZNF14,2949,3.83646308169815,89.85532822331719,369.4843631321688,2.91852395486698,2.0397158466903993,0.0426959998650653,0,0,not flagged,1
DICER1,12292,38.260942625584235,395.8978183029255,1678.836525294865,2.9202596358782,2.084233887005579,0.0966434793442293,0,0,not flagged,728
DGKH,18925,0.0,25.88045200060259,110.4449199174234,2.92048961658803,2.0929656236716996,0.0,0,0,not flagged,0
USP32,7755,8.087678928985277,89.2883465287319,383.78675884411587,2.92541251244508,2.1036371606620965,0.0905793336242682,0,1,strongly selective,106
FRMD4B,10016,3.421710316109158,59.18198899283544,251.34492579382916,2.92585234450017,2.086252121031108,0.0578167509125688,0,0,not flagged,0
ELK4,10973,6.221291483834831,95.74230794950758,412.9062459588566,2.93154970542853,2.1084700153361555,0.0649795437051277,0,0,not flagged,1
SKIL,7782,9.85037818273848,113.99842316790593,478.7409417029213,2.93365058364417,2.070134907328809,0.0864080213480677,0,0,not flagged,12
RASSF9,1826,1.347946488164213,45.20874656915785,186.0332505604251,2.93554048642817,2.040645144765335,0.0298160553091689,0,0,not flagged,0
SPOPL,6468,5.080721378465109,162.68944809152393,687.4878810551348,2.94153377797569,2.0791459098712113,0.0312295692072595,0,0,not flagged,6
KIAA0232,8499,9.331937225752243,96.45508137857064,417.85560583578746,2.9474367525702,2.114960304161824,0.0967490472495263,0,0,not flagged,0
TMCC1,7912,2.7995811677256737,76.77603482424392,336.2380781349743,2.95100485189191,2.130610166703569,0.0364642583344462,0,0,not flagged,2
L3MBTL3,5111,5.495474144054097,73.00512313318266,317.10109387369175,2.95565148490944,2.1187211340254044,0.0752751849213204,0,0,not flagged,3
ZNF28,5974,0.72581733978073,14.922149153591748,62.5449057455765,2.95572791880468,2.0667012047976647,0.0486402683896258,0,0,not flagged,1
ZNF175,4626,2.07376382794494,121.93606915319396,541.2379861939539,2.9591497144939,2.1500464974433906,0.0170069762158691,0,0,not flagged,0
ATXN7,9172,1.555322870958711,90.86001746657858,398.41844826633286,2.96041729991707,2.1324443999553244,0.0171177918992896,0,0,not flagged,5
STARD13,8388,1.244258296766966,31.442314772677225,138.8834431808336,2.96468715963499,2.1427403917473504,0.0395727320257032,0,0,not flagged,2
ZFP62,4198,8.813496268766007,126.5002284304416,544.8404199168763,2.96519835153111,2.106606182670126,0.069671781451464,0,0,not flagged,0
HIVEP2,9774,2.592204784931184,87.9080969943795,391.5033255593824,2.96804221885971,2.1548293476625364,0.029487668071087,0,1,strongly selective,4
FNBP1L,5798,10.36881913972472,127.51030482588897,550.953629871082,2.97129970871006,2.11123010389119,0.081317499427854,0,0,not flagged,2
PEAK1,16711,7.776614354793543,88.57329590800315,394.4813759919585,2.97696777686519,2.1548871801950766,0.0877986336070269,0,0,not flagged,0
CWC22,3328,24.15934859555859,253.6827257957432,993.4492923189008,2.97774024095862,1.9693787000732943,0.0952345041223299,1,1,both,1181
EHBP1,8219,2.07376382794494,67.33573090600561,294.07143532213746,2.98227339698492,2.1265573128835102,0.030797376074223,0,1,strongly selective,2
TET2,16474,7.050797015012812,81.48401084032555,347.172309541443,2.99103793737279,2.0909274962511932,0.0865298227504953,0,0,not flagged,0
ZC3H12C,9719,7.880302546190786,88.64017659986239,399.93826103652856,2.99145659195311,2.1736179688354778,0.0889021530469629,0,0,not flagged,3
CPEB2,7177,1.970075636547692,22.14597839412649,97.43657645815313,2.99197986558153,2.136915464150175,0.0889586181963489,0,0,not flagged,1
RLF,6246,8.917184460163257,247.4352650510324,1047.4411136204326,2.99273046516101,2.081701571266006,0.0360384541723433,0,0,not flagged,9
KATNAL1,8105,3.525398507506403,80.23973643004688,363.87684315283826,2.99461481321175,2.180921330419501,0.0439358186399309,0,0,not flagged,0
F3,2875,0.103688191397247,18.998813721748164,83.84191248613428,2.99791760420357,2.141175188121268,0.0054576139813694,0,0,not flagged,134
SMC3,4275,31.10645741917413,381.7536062121485,1532.175237023402,3.003669933187,2.0048392444129157,0.0814830741949497,1,0,common essential,1163
ZNF480,4836,4.97703318706786,59.51889714216347,235.45731969218016,3.01866385200525,1.983864771581199,0.0836210586224405,0,0,not flagged,0
PANK3,10580,8.398743503177018,231.52451057503364,1066.7513184245129,3.0328546033996,2.2039382671911776,0.0362758287764746,0,0,not flagged,7
RGS17,7899,1.03688191397247,40.61884314668132,179.59523131589776,3.03431343736274,2.1442531802958107,0.0255271158321304,0,0,not flagged,0
E2F8,4140,8.91718446016325,121.06440566185957,558.3833770266575,3.0347498453246,2.2053879092213253,0.0736565335732907,0,0,not flagged,6
NCKAP5,9545,0.103688191397247,18.642018442503712,86.25769304821561,3.03992925460799,2.2094886149775035,0.0055620689206506,0,0,not flagged,0
CLOCK,11762,4.769656804273369,134.0821145220228,620.5464000214183,3.05553288194088,2.2103379374059062,0.0355726550202186,0,0,not flagged,0
ANKRD50,8794,6.947108823615559,133.07155763130126,613.4179612259107,3.06583200213666,2.204583271697441,0.0522058127767901,0,1,strongly selective,1
ESRRG,10880,0.0,28.89377242429326,133.31339078772257,3.07979835471268,2.2056002089198294,0.0,0,0,not flagged,3
ABL2,13257,6.013915101040336,98.97759476448148,475.83961205416784,3.08316999653499,2.265186053424529,0.0607603681959591,0,0,not flagged,0
MTF1,8024,3.3180221247119137,110.30117678136996,531.2337070902405,3.08760340128389,2.2677948737363516,0.0300814752982067,0,1,strongly selective,133
NR6A1,7124,1.347946488164213,144.00549222676725,698.8854835973099,3.09551388528015,2.2788527082087264,0.009360382491812,0,0,not flagged,30
ASH1L,13296,4.25121584728713,152.08068817962763,713.6146943098184,3.09845494685505,2.2302337131063728,0.0279536862843879,0,1,strongly selective,77
CAMSAP2,7777,0.414752765588989,106.050672560037,499.0944628529892,3.11447756613517,2.2344520019257277,0.0039108923647248,0,0,not flagged,50
MED13L,12813,6.013915101040346,91.018122815746,448.40424233029586,3.12194710376324,2.3004478662920778,0.0660738204106308,0,1,strongly selective,74
POU2F1,15782,7.36186158920455,124.58979473033288,615.5954385002299,3.12410810431213,2.304704285434899,0.0590888010140706,0,1,strongly selective,80
LIN28B,5505,25.61098327512001,473.58818900224384,2270.3149697523445,3.12486963918045,2.2611633474136568,0.0540785937442343,0,1,strongly selective,33
CHD7,12738,2.9032693591229237,91.46576620082352,452.6181024022105,3.12586344744334,2.3068646605132472,0.0317415955686465,0,1,strongly selective,35
ZBTB37,19464,1.7626992537532,46.30759888601716,228.28025872070145,3.13388303266474,2.3012369294654618,0.0380650108439428,0,0,not flagged,3
KLHL20,4254,8.50243169457427,110.01789959930632,548.5890851698251,3.14478652174797,2.3178828243633087,0.0772822579374881,0,1,strongly selective,3
PRTG,14388,6.63604424942382,82.1740228713399,410.2849344802521,3.14670978291671,2.3197314861356486,0.0807559861078469,0,0,not flagged,1
RBM26,9018,12.027830202080626,253.2005438937143,1260.2963819916915,3.1605113617707,2.315365111126942,0.0475031767985835,0,0,not flagged,7
ZFX,9037,13.997905838628366,297.976509930723,1505.496242390774,3.16117483185994,2.336929764618186,0.0469765413450971,0,0,not flagged,313
ZNF280B,5733,8.502431694574264,329.8762037747579,1644.6773801980771,3.16554262422306,2.317773035539355,0.0257746136195376,0,0,not flagged,0
ZNF292,13128,9.43562541714949,181.4373417982354,832.0376627608242,3.17571685516774,2.197115252125794,0.0520048702413323,0,0,not flagged,2
CTTNBP2NL,7404,2.073763827944943,134.42008104076987,698.7539384941377,3.20519754864135,2.377949154147859,0.0154274853272552,0,0,not flagged,0
UBN2,16386,4.251215847287131,92.84930015402624,486.5282200134702,3.21504407980189,2.3894348273748016,0.0457861916054817,0,0,not flagged,4
ZNF37A,9626,4.56228042147888,53.878834109811855,270.7197262264927,3.23991461725292,2.328795025382302,0.0846766730731473,0,0,not flagged,30
ZNF507,11239,7.67292616339629,224.6972165464316,1192.3973846056128,3.2556610318947,2.407758852110138,0.034147846961917,0,0,not flagged,0
ZNF804A,4690,0.0,22.072927511745025,90.6893610591334,3.25890072301621,2.0381609461359873,0.0,0,0,not flagged,0
ZEB1,8561,9.85037818273848,119.6396936970087,606.4910031975343,3.26269893349376,2.3416933280875596,0.0823336961032755,0,1,strongly selective,98
UTP3,2072,16.590110623559543,177.6195119833499,1001.8625881088592,3.26916167569378,2.4957558461905864,0.0934025233957106,0,0,not flagged,1037
ARL13B,4160,9.331937225752249,101.26578309694672,524.2800211638533,3.26934218919752,2.3720758467845333,0.0921529162206579,0,0,not flagged,10
JAKMIP2,6214,5.910226909643088,62.47059646897844,323.7553722735017,3.27300012171097,2.373468561812459,0.0946081395681563,0,0,not flagged,0
RNF20,4690,11.716765627888936,120.50570048789416,675.4593882999452,3.28611241115963,2.486669279869268,0.0972299698723877,1,0,common essential,1042
ZNF721,6390,3.00695755052017,120.99396056151694,587.1474206010979,3.2866874970559,2.2786930819230333,0.0248521292845136,0,1,strongly selective,1
ZNF624,5090,3.21433393331466,44.29875766309734,223.99761625910776,3.31797089969475,2.3378840027881806,0.0725603629284694,0,0,not flagged,0
KLHL8,7354,6.0139151010403396,210.35124470035265,1189.4812741248409,3.32099334074133,2.4994038450266554,0.0285898717148416,0,1,strongly selective,1
ARHGAP11A,6428,0.0,93.61608704343608,531.4406988583701,3.36633959747615,2.504953394167105,0.0,0,0,not flagged,189
FBXO30,9009,5.391785952656857,237.673076540412,1427.1099244335426,3.42853854649436,2.585995483570971,0.0226857245723416,0,0,not flagged,0
LEO1,2679,30.588016462187948,372.9338755492074,2276.845354230026,3.44067070822579,2.610012201515766,0.0820199463434154,1,0,common essential,96
FIGN,9942,6.94710882361556,101.3613774877549,595.9321683443895,3.44118118382461,2.5555219743273088,0.0685380269664825,0,0,not flagged,1
ARID4A,7568,4.66596861287612,66.74213446261021,378.5143449428839,3.48043395034783,2.5035002165085287,0.0699103894480638,0,0,not flagged,11
TNRC6B,19998,8.813496268766016,145.922737576672,935.682789727573,3.49783566484109,2.680731372196706,0.0603983752986757,0,0,not flagged,5
ZFHX3,17503,6.0139151010403324,70.72134899253646,463.2587548976409,3.52585344825714,2.7114277014237778,0.085036770179186,0,0,not flagged,2
ZNF221,2715,3.21433393331466,37.005115320823286,206.7342913090835,3.54263435126116,2.4816610653491264,0.086861881268234,0,0,not flagged,1
ZNF462,12259,2.2811402107394327,75.90527580036179,503.78814996187504,3.5486224409675,2.7303837027400237,0.0300524592880612,0,0,not flagged,0
CCP110,10111,6.7397324408210695,111.23384730389144,739.3369095631065,3.57658260756139,2.732525905911717,0.0605906619628833,1,0,common essential,222
RBAK,6960,2.69589297632843,28.87305743157937,187.0894010012646,3.65920572189094,2.6955095671171008,0.0933705404326127,0,0,not flagged,0
TNRC6C,11058,0.0,52.70545511759698,381.50575997529864,3.69697881185584,2.855444756021071,0.0,0,0,not flagged,2
CHSY3,3938,0.9331937225752248,10.000674647550658,8.92926467499498,0.649912048349469,-0.1633111363719431,0.093313076913644,0,0,not flagged,0
FAM149B1,7473,0.72581733978073,25.49008695470193,19.48906399624397,0.439082859685245,-0.3870972939759861,0.0284744944601628,0,0,not flagged,1
SGCE,2547,8.81349626876601,114.11280899510648,85.6153220711971,0.403031773293238,-0.4144777480268882,0.0772349427411252,0,0,not flagged,160
ARMCX2,3589,0.0,25.179787991523902,19.90168408005455,0.477785840484031,-0.3392237340299823,0.0,0,0,not flagged,0
EDA2R,3557,5.288097761259605,78.1705164514763,59.11329121956624,0.424368853162216,-0.4030825326305784,0.0676482387645749,0,0,not flagged,0
EPN2,9844,0.0,11.895734099515858,9.295210996488938,0.441313712841218,-0.3555458099451051,0.0,0,0,not flagged,14
ZNF34,2222,0.72581733978073,11.94771320486054,11.2241325326613,0.747122734223173,-0.0900527866002103,0.0607494779407204,0,0,not flagged,12
IRF2BP2,4724,10.472507331121966,202.58854830367747,148.99150787250812,0.393111827941348,-0.443296906097815,0.0516934812890994,0,1,strongly selective,187
ACSS3,6121,0.0,10.658789016706526,8.77833240982084,0.515091891569817,-0.2797350849336916,0.0,0,0,not flagged,1
TRIM45,4368,1.14057010536972,16.47154061977776,13.027806850170442,0.482784156005335,-0.3381498978549445,0.0692448952832141,0,0,not flagged,20
HOXA6,1285,1.9700756365477,24.633678328013747,21.316568528336024,0.63994829756432,-0.2085657565963537,0.0799748868323616,0,0,not flagged,18
DZIP1,8469,5.184409569862361,55.35636821191829,39.72603043753561,0.356325582192504,-0.4785621335958112,0.0936551608663184,0,0,not flagged,0
CALCOCO1,6296,3.42171031610916,34.69498910592522,25.261514274911548,0.379312986467694,-0.4576309625990857,0.0986226081715298,0,0,not flagged,16
IQCH,7108,0.518440956986236,10.444373744446215,8.19827578428351,0.451263102464347,-0.3489555327580151,0.0496382999758043,0,0,not flagged,2
SH3YL1,11165,0.72581733978073,10.108993534934855,7.503020610334559,0.419392702946777,-0.4296008373437663,0.071799169449702,0,0,not flagged,8
CERKL,4765,0.518440956986236,14.915242006197452,11.37041329392793,0.429328950248822,-0.3912013724728391,0.0347591381199727,0,0,not flagged,0
TOP2B,5965,0.7258173397807299,150.71829246281368,103.18381247316916,0.302603433721092,-0.5465937745113533,0.0048157216215796,0,0,not flagged,6
SYT11,5240,1.244258296766966,41.08966844137246,29.30407398520401,0.36477654261592,-0.487533271921423,0.0302815365507827,0,1,strongly selective,11
CACHD1,6392,1.970075636547694,71.32981337599644,49.440134505183465,0.284828029976212,-0.5287329965945227,0.0276192456324392,0,0,not flagged,1
BCL2L2,4189,0.207376382794494,21.953842166580376,15.766784544389546,0.353739202891648,-0.4773272485169419,0.009446017750377,0,1,strongly selective,55
TMED7,3894,4.043839464492642,76.33590148970201,51.73397210484541,0.278243497644965,-0.561159904106262,0.052974280588514,0,1,strongly selective,11
CYP3A5,6731,0.0,11.46210551429438,8.199354227583017,0.376655418353535,-0.4827895534896503,0.0,0,0,not flagged,3
DOCK3,8755,0.72581733978073,16.453948911659243,11.548514506975303,0.387081060240399,-0.510354415115061,0.0441120453015638,0,0,not flagged,0
GDF7,4162,1.03688191397247,12.07438435252277,8.927229107247525,0.39407277823927,-0.4352444622547526,0.0858745161409267,0,1,strongly selective,3
HAND1,1738,0.0,33.77336000277979,25.07172877722932,0.379077757016772,-0.4296760314519002,0.0,0,1,strongly selective,5
PLIN2,5094,0.72581733978073,13.035591285411748,9.46027801312438,0.363272218381925,-0.4620836513864516,0.0556796637673811,0,0,not flagged,8
OPN1SW,1096,0.0,14.709010051341345,12.174641409073422,0.547956448949142,-0.272616850547479,0.0,0,0,not flagged,0
C5orf63,7190,0.0,11.51227483978828,8.008883440038556,0.308137019358891,-0.5229523028086747,0.0,0,0,not flagged,2
KCTD12,6229,15.553228709587115,217.37950620161564,143.4301661929221,0.219787204540019,-0.5998332355978989,0.071548735119316,0,0,not flagged,0
CNPY1,2473,0.103688191397247,13.271449532953715,9.811248681811772,0.397460527591848,-0.4354342437572814,0.0078128761398507,0,0,not flagged,0
MMD,3177,4.665968612876123,55.52085598630558,37.54793792996941,0.246944024594853,-0.5641717788178956,0.0840399257177699,0,0,not flagged,4
GLT8D2,3271,3.11064574191742,33.65987284124202,22.785864333963627,0.257466907649529,-0.5626861608030893,0.092414066939257,0,0,not flagged,0
C1orf226,4487,0.0,11.041329418658394,7.824296215376773,0.325415667995486,-0.4963443460742955,0.0,0,0,not flagged,5
ZSWIM1,2769,7.361861589204553,80.17044749666356,55.28709564053764,0.270053237957251,-0.536046761328356,0.0918276225102888,0,0,not flagged,4
MYC,2995,31.935962950352145,325.7257296429052,211.4797823295136,0.214285020742453,-0.6231140119180655,0.0980455642400853,0,0,not flagged,1129
NECAB1,6408,0.311064574191741,10.895386449130378,7.4578455587983425,0.274731992952173,-0.5462768981380545,0.0285501184968587,0,0,not flagged,0
ZDHHC20,2046,11.716765627888948,218.597868723854,136.5009025396077,0.166993674885116,-0.6793291537098609,0.05359963341038,0,0,not flagged,15
HOXD13,2240,1.45163467956146,62.79894384723715,40.694048079394975,0.216741320531358,-0.6257977303177026,0.0231155906553566,0,0,not flagged,196
UBE2F,4051,0.0,10.83921658666832,7.196970997234637,0.255232216394354,-0.5901259258829816,0.0,0,1,strongly selective,34
CNTF,1886,0.0,10.849643015839083,6.947297195949898,0.363113632031139,-0.6423778238932952,0.0,0,0,not flagged,1
CSE1L,3726,122.352065848752,1361.3947682918297,837.8630418242041,0.13612219401795,-0.7002925057064088,0.0898725841309568,1,0,common essential,1186
PRKX,6452,0.0,34.051857796940794,21.34414646761281,0.164901181507673,-0.6736408902990518,0.0,0,0,not flagged,2
RAB38,1465,0.0,19.257075112665937,13.247639239413973,0.273257647780032,-0.5393136756882908,0.0,0,0,not flagged,0
SLC16A6,4056,0.207376382794494,15.237089638503637,9.80065672110027,0.202940171258868,-0.6361122694374518,0.0136099732766853,0,1,strongly selective,12
BBS9,5827,2.488516593533929,43.8980062682726,27.167549443333467,0.128245356218185,-0.6920686510300537,0.0566886017174887,0,0,not flagged,10
PTMA,3378,75.07025057160692,1597.5430212741842,971.4173726808522,0.0994111426192937,-0.7176857696397316,0.0469910666391516,0,0,not flagged,702
SH3RF3,5801,0.414752765588989,11.959420252630208,7.495091025913514,0.148765135736125,-0.6734118011431689,0.0346800059557881,0,1,strongly selective,1
ACRV1,2212,0.0,10.907585898991536,6.635321616502296,0.234429023119839,-0.7162429531723415,0.0,0,0,not flagged,0
SLC31A1,5320,13.27208849884764,225.7407581966579,137.95834774543584,0.103658215683894,-0.7103935065791628,0.0587934965970364,0,1,strongly selective,188
KCNJ8,2484,3.006957550520165,79.57448452607896,50.70744263996148,0.121025160243404,-0.6500051947869508,0.0377879614103525,0,0,not flagged,0
NKX1-2,1646,0.622129148383484,27.963728525378183,17.18037469510865,0.127695022003031,-0.7024715673715115,0.0222477180687431,0,0,not flagged,8
LHX2,2655,1.866387445150449,20.365285894477655,12.316836452019048,0.104847689503633,-0.7250177072524112,0.0916455312643829,0,0,not flagged,0
HOXB5,2041,0.622129148383483,17.492075349589513,9.878405757444805,0.130103721048434,-0.8237161545232609,0.03556634281238,0,0,not flagged,13
SIX3,2658,0.207376382794494,14.892934366389914,8.52516746980365,0.135313969141942,-0.8041050572606567,0.0139244810789267,0,1,strongly selective,2
LEPR,11457,3.110645741917411,34.709331142851156,20.378486239194025,0.0326188746745529,-0.7679844897886655,0.0896198699166834,0,0,not flagged,4
ZNF157,2318,0.207376382794494,14.051269961994445,8.632611030344615,0.0667083963932895,-0.7021877613761011,0.0147585508893787,0,0,not flagged,0
TMLHE,3922,2.9032693591229197,35.56476789122991,20.411754574215852,0.0334292992855192,-0.8007475204176091,0.0816332997870865,0,0,not flagged,0
DNAJC22,3477,0.933193722575224,13.039876507940296,7.398079622682957,0.0379590736297052,-0.816864644511701,0.0715646135150881,0,0,not flagged,0
LHX4,7324,1.3479464881642138,16.716086765797225,8.875727726173967,0.031872223640329,-0.9125381115085964,0.0806376819556982,0,0,not flagged,11
EFNA4,1263,1.24425829676697,29.73515303014845,16.969803576570794,0.0216504029401717,-0.8088348307517169,0.0418446912146514,0,0,not flagged,15
