Associated Gene Name,gene_length_bp,FANTOM_Total_CAGE_TPM,Cytosol_TPM,PB_TPM,Pub_Log2FC,NEW_Log2FC_TPM,Cap_index,DepMap_Common_Essential,DepMap_Strongly_Selective,DepMap_Flag_Status,DepMap_Dependent_Cell_Lines
TNRC6C,11058,0,53.63813573,386.5230742,3.696978812,2.848991922,0,0,0,not flagged,2
CCP110,10111,6.739732441,113.2022485,749.0788152,3.576582608,2.726106729,0.05953709,0,0,not flagged,222
ZNF462,12259,2.281140211,77.2545603,510.4324098,3.548622441,2.723869464,0.02952758,0,0,not flagged,0
ZNF221,2715,3.214333933,37.65603522,209.4606876,3.542634351,2.475412288,0.085360392,0,0,not flagged,1
ZFHX3,17503,6.013915101,71.97882124,469.3765773,3.525853448,2.704931786,0.083551175,0,0,not flagged,2
TNRC6B,19998,8.813496269,148.5184352,948.0245,3.497835665,2.674200406,0.059342776,0,0,not flagged,5
ARID4A,7568,4.665968613,67.91343788,383.4807092,3.48043395,2.49721024,0.068704645,0,0,not flagged,11
FIGN,9942,6.947108824,103.1505822,603.785727,3.441181184,2.549168726,0.067349196,0,0,not flagged,1
LEO1,2679,30.58801646,379.5242885,2306.595977,3.440670708,2.603469443,0.080595676,0,0,not flagged,96
FBXO30,9009,5.391785953,241.8826989,1445.871923,3.428538546,2.579510611,0.022290912,0,0,not flagged,0
KLHL8,7354,6.013915101,214.0938598,1205.139393,3.320993341,2.492829288,0.028090087,0,1,strongly selective,1
ZNF624,5090,3.214333933,45.07693578,226.9451971,3.3179709,2.331626156,0.071307729,0,0,not flagged,0
ZNF721,6390,3.006957551,123.1152859,594.8778558,3.286687497,2.272490652,0.024423917,0,1,strongly selective,1
RNF20,4690,11.71676563,122.6423944,684.2895876,3.286112411,2.48005268,0.095536015,1,0,common essential,1042
JAKMIP2,6214,5.91022691,63.57079882,328.012034,3.273000122,2.36712968,0.092970782,0,0,not flagged,0
ARL13B,4160,9.331937226,103.0505633,531.1684109,3.269342189,2.365704128,0.090556877,0,0,not flagged,10
UTP3,2072,16.59011062,180.7708436,1014.927446,3.269161676,2.489077096,0.091774261,1,0,common essential,1037
ZEB1,8561,9.850378183,121.7451007,614.4707419,3.262698933,2.335385584,0.080909853,0,1,strongly selective,98
ZNF804A,4690,0,22.45900791,91.88225476,3.258900723,2.032006842,0,0,0,not flagged,0
ZNF507,11239,7.672926163,228.6757697,1208.1105,3.255661032,2.401325859,0.033553735,0,0,not flagged,0
ZNF37A,9626,4.562280421,54.82802834,274.285704,3.239914617,2.322483421,0.083210733,0,0,not flagged,30
UBN2,16386,4.251215847,94.49870385,492.9462283,3.21504408,2.382940443,0.044987028,0,0,not flagged,4
CTTNBP2NL,7404,2.073763828,136.8051861,707.9345909,3.205197549,2.371408074,0.015158518,0,0,not flagged,0
ZNF292,13128,9.435625417,184.6222682,843.0272827,3.175716855,2.190941719,0.051107732,0,0,not flagged,2
ZFX,9037,13.99790584,303.2642419,1525.332803,3.161174832,2.330438633,0.046157456,0,0,not flagged,313
RBM26,9018,12.0278302,257.6832916,1276.86713,3.160511362,2.30889282,0.046676795,0,0,not flagged,7
PRTG,14388,6.636044249,83.63357954,415.6956425,3.146709783,2.313235622,0.079346649,0,0,not flagged,1
KLHL20,4254,8.502431695,111.9673074,555.7653868,3.144786522,2.31129555,0.075936735,0,1,strongly selective,3
ZBTB37,19464,1.762699254,47.12881713,231.2868162,3.133883033,2.294757945,0.037401729,0,0,not flagged,3
CHD7,12738,2.903269359,93.09495209,458.5856229,3.125863447,2.300292776,0.031186109,0,1,strongly selective,35
LIN28B,5505,25.61098328,481.9579385,2300.19098,3.124869639,2.254750838,0.053139457,0,1,strongly selective,33
POU2F1,15782,7.361861589,126.8032649,623.7172377,3.124108104,2.298209599,0.05805735,0,1,strongly selective,80
MED13L,12813,6.013915101,92.6399122,454.3097722,3.121947104,2.293846579,0.064917107,0,1,strongly selective,74
CAMSAP2,7777,0.414752766,107.9230768,505.6607038,3.114477566,2.228061142,0.003843041,0,0,not flagged,50
ASH1L,13296,4.251215847,154.7698536,723.0246542,3.098454947,2.223847096,0.027467984,0,1,strongly selective,77
NR6A1,7124,1.347946488,146.5686445,708.0588467,3.095513885,2.272214715,0.009196691,0,0,not flagged,30
MTF1,8024,3.318022125,112.2645227,538.2320844,3.087603401,2.261224608,0.029555393,0,1,strongly selective,133
ABL2,13257,6.013915101,100.7425083,482.1194677,3.083169997,2.258604853,0.059695904,0,0,not flagged,0
ESRRG,10880,0,29.40464794,135.0681642,3.079798355,2.199187803,0,0,0,not flagged,3
ANKRD50,8794,6.947108824,135.4236968,621.4921718,3.065832002,2.198172697,0.051299064,0,1,strongly selective,1
CLOCK,11762,4.769656804,136.4559959,628.7265822,3.055532882,2.203914196,0.034953809,0,0,not flagged,0
NCKAP5,9545,0.103688191,18.97320507,87.39863078,3.039929255,2.203052146,0.00546498,0,0,not flagged,0
E2F8,4140,8.91718446,123.2114186,565.7194397,3.034749845,2.198859198,0.072373036,0,0,not flagged,6
RGS17,7899,1.036881914,41.33523082,181.9660742,3.034313437,2.137955952,0.025084701,0,0,not flagged,0
PANK3,10580,8.398743503,235.6305307,1080.812877,3.032854603,2.197470504,0.035643698,0,0,not flagged,7
ZNF480,4836,4.977033187,60.561264,238.5476411,3.018663852,1.977632475,0.082181792,0,0,not flagged,0
SMC3,4275,31.10645742,388.4516156,1552.322996,3.003669933,1.998594112,0.080078075,1,0,common essential,1163
TRIM71,8685,0,40.76278715,183.3624255,2.998987469,2.169098226,0,0,1,strongly selective,14
F3,2875,0.103688191,19.33959587,84.94550683,2.997917604,2.134404031,0.005361446,0,0,not flagged,134
KATNAL1,8105,3.525398508,81.66837603,368.68113,2.994614813,2.174386621,0.043167241,0,0,not flagged,0
RLF,6246,8.91718446,251.7940505,1061.238032,2.992730465,2.075388482,0.035414596,0,0,not flagged,9
CPEB2,7177,1.970075637,22.53826454,98.71998464,2.991979866,2.130471904,0.087410263,0,0,not flagged,1
ZC3H12C,9719,7.880302546,90.21480934,405.215667,2.991456592,2.167129463,0.087350432,0,0,not flagged,3
TET2,16474,7.050797015,82.921078,351.7458845,2.991037937,2.084589808,0.085030214,0,0,not flagged,0
EHBP1,8219,2.073763828,68.52772562,297.9452612,2.982273397,2.120125499,0.030261676,0,1,strongly selective,2
CWC22,3328,24.1593486,258.1346786,1006.488547,2.977740241,1.963093325,0.09359203,1,1,both,1181
PEAK1,16711,7.776614355,90.14961611,399.6821667,2.976967777,2.148336021,0.086263422,0,0,not flagged,0
FNBP1L,5798,10.36881914,129.7635339,558.1894127,2.971299709,2.104784417,0.079905493,0,0,not flagged,2
HIVEP2,9774,2.592204785,89.47140597,396.6723576,2.968042219,2.148324405,0.028972438,0,1,strongly selective,4
ZFP62,4198,8.813496269,128.7382721,552.0117753,2.965198352,2.100172107,0.068460576,0,0,not flagged,0
STARD13,8388,1.244258297,32.00189532,140.7143297,2.96468716,2.136191775,0.038880769,0,0,not flagged,2
ATXN7,9172,1.555322871,92.47433745,403.66553,2.9604173,2.12591517,0.016818967,0,0,not flagged,5
ZNF175,4626,2.073763828,124.104213,548.3332231,2.959149714,2.143410863,0.016709858,0,0,not flagged,0
ZNF28,5974,0.72581734,15.18655447,63.36948035,2.955727919,2.060271574,0.047793418,0,0,not flagged,1
L3MBTL3,5111,5.495474144,74.2977371,321.2748627,2.955651485,2.11226867,0.073965566,0,0,not flagged,3
TMCC1,7912,2.799581168,78.14095438,340.6677761,2.951004852,2.12407244,0.035827322,0,0,not flagged,2
KIAA0232,8499,9.331937226,98.16500841,423.3607438,2.947436753,2.108493856,0.095063785,0,0,not flagged,0
SPOPL,6468,5.080721378,165.5637905,696.5356602,2.941533778,2.072743609,0.030687395,0,0,not flagged,6
RASSF9,1826,1.347946488,46.00592246,188.4901344,2.935540486,2.034360497,0.029299412,0,0,not flagged,0
SKIL,7782,9.850378183,116.0149284,485.0565607,2.933650584,2.06374792,0.084906126,0,0,not flagged,12
ELK4,10973,6.221291484,97.44382281,418.3442648,2.931549705,2.101934458,0.063844904,0,0,not flagged,1
FRMD4B,10016,3.421710316,60.22994936,254.6521881,2.925852345,2.079792304,0.056810779,0,0,not flagged,0
USP32,7755,8.087678929,90.8745831,388.8434519,2.925412512,2.097119052,0.088998251,0,1,strongly selective,106
DGKH,18925,0,26.34167714,111.9071139,2.920489617,2.086463974,0,0,0,not flagged,0
DICER1,12292,38.26094263,402.912894,1700.973891,2.920259636,2.077793791,0.094960829,0,0,not flagged,728
ZNF14,2949,3.836463082,91.43932709,374.3572699,2.918523955,2.03340985,0.041956379,0,0,not flagged,1
MPHOSPH8,4786,4.147527656,110.2578747,454.4294539,2.914380891,2.043075554,0.037616612,0,0,not flagged,68
AKAP11,9913,11.82045382,128.74831,533.3638201,2.910551306,2.050481468,0.091810555,0,0,not flagged,0
CDKL5,3576,3.318022125,79.63425249,335.1214005,2.90430847,2.073084709,0.041665766,0,0,not flagged,0
PTPN12,5547,1.762699254,80.82732605,336.3653458,2.901028883,2.056978463,0.021808209,0,0,not flagged,6
CEP97,9550,10.67988371,157.4699938,652.7907846,2.894856515,2.05147423,0.067821707,0,1,strongly selective,273
ZNF570,2952,4.354904039,49.28489681,202.7198862,2.891708774,2.040048579,0.088361837,0,0,not flagged,0
ZNF652,8810,11.92414201,119.4772298,491.8170683,2.881009305,2.041294699,0.099802632,0,0,not flagged,2
MYSM1,8938,15.24216414,224.9487996,897.661214,2.880868281,1.996526331,0.067758371,0,1,strongly selective,29
CDK19,7620,3.73277489,67.4992912,280.0421779,2.877322751,2.052537671,0.055300949,0,0,not flagged,1
CTTNBP2,7035,2.592204785,33.52769329,138.3172439,2.876976875,2.044229957,0.077315333,0,1,strongly selective,2
RFX7,7670,2.073763828,258.7660662,1038.078398,2.875965932,2.004153205,0.008014049,0,0,not flagged,2
BCL11B,7855,0.829505531,10.71322733,44.5728241,2.869878214,2.055748833,0.077428165,0,1,strongly selective,16
NIPAL1,5981,1.866387445,39.44277794,162.7600362,2.866316705,2.044636351,0.047318864,0,0,not flagged,0
NRG1,7657,0.103688191,72.69979468,297.8490857,2.864702021,2.03440834,0.001426251,0,0,not flagged,0
VPS4B,4315,13.06471212,164.435771,674.1251173,2.862204156,2.035425874,0.079451764,0,1,strongly selective,152
ALKBH8,4506,6.013915101,65.07862287,251.4582918,2.858858692,1.949899203,0.092409993,0,1,strongly selective,6
ZNF611,7148,1.45163468,15.7162328,64.19215096,2.854555382,2.029448517,0.092365308,0,0,not flagged,0
WDR89,3208,11.30201286,143.1713157,576.7804773,2.85248812,2.010204104,0.078940483,0,1,strongly selective,64
LATS1,8643,17.62699254,204.3752318,817.9002539,2.852302105,2.000651595,0.086248184,0,1,strongly selective,1
SOX5,8879,2.384828402,49.54370041,199.5026817,2.845980402,2.009415753,0.048135855,0,1,strongly selective,16
PLK4,4482,7.983990738,272.6001612,1043.927722,2.843515608,1.937124405,0.029288283,1,0,common essential,1099
THRB,8709,3.940151273,53.37730291,217.1642432,2.839527358,2.024284438,0.073816979,0,0,not flagged,0
MYLIP,3033,13.58315307,160.0882681,646.1867013,2.836345152,2.013015684,0.084847898,0,1,strongly selective,14
PGGT1B,3246,2.281140211,77.49634333,284.5399382,2.834765487,1.876295572,0.029435456,0,0,not flagged,255
ZNF813,6285,1.762699254,51.96125384,203.1691793,2.832168951,1.9669668,0.033923339,0,0,not flagged,2
RNF111,7181,5.599162335,113.8615471,451.885892,2.817599189,1.988583135,0.049175182,0,0,not flagged,1
HOOK1,6845,4.354904039,61.0245641,225.4983357,2.811950111,1.885482379,0.071363132,0,0,not flagged,4
BNC2,14812,0.933193723,20.56458409,81.56952345,2.810350028,1.987343813,0.045378682,0,1,strongly selective,1
FNIP1,6674,5.702850527,142.5216493,559.796662,2.804854723,1.973646349,0.040013925,0,1,strongly selective,25
KRIT1,6204,8.398743503,108.3537901,417.2688322,2.797518899,1.945128978,0.077512226,0,0,not flagged,7
PPFIA2,8300,0,11.95503102,43.68268035,2.795118798,1.868567474,0,0,0,not flagged,3
CECR2,10247,0.103688191,27.30764787,107.153169,2.794086633,1.971903976,0.003797039,1,0,common essential,28
CSRNP3,12565,7.154485206,100.3537329,389.1330082,2.790983445,1.9550624,0.071292666,0,0,not flagged,0
MRFAP1L1,2180,20.73763828,424.060648,1679.175203,2.790466777,1.985384823,0.048902529,0,0,not flagged,2
ZNF644,7600,20.84132647,319.9914324,1101.663139,2.789090693,1.783545979,0.065130889,0,1,strongly selective,21
ZNF25,4244,0.207376383,14.44496636,55.25992996,2.780114503,1.934929533,0.014356308,0,0,not flagged,0
OTUD4,9085,8.91718446,196.7122805,759.8040125,2.777596034,1.949485954,0.045331102,0,1,strongly selective,9
PLEKHA3,14193,1.866387445,30.26295726,116.5445919,2.776406837,1.944904325,0.061672342,0,0,not flagged,3
RAPGEF2,12005,0.518440957,47.41058953,182.1453219,2.772094004,1.941583642,0.01093513,0,1,strongly selective,7
ZNF830,1657,7.776614355,169.1067909,656.5524808,2.767373307,1.956912403,0.045986411,1,1,both,1171
BTBD8,1955,1.970075637,20.82981131,70.30549221,2.764598339,1.75450037,0.09457962,0,0,not flagged,3
KIF27,5102,3.006957551,30.26912057,111.7865949,2.758027739,1.884481038,0.099340764,0,0,not flagged,37
SYT1,6494,0,22.48264229,84.8142406,2.757797662,1.915023459,0,0,0,not flagged,0
SBNO1,11124,10.36881914,121.9281992,461.0802431,2.756724101,1.918898993,0.08504037,1,0,common essential,1182
FGF2,6775,0.414752766,26.07034524,100.5624976,2.75640535,1.94720097,0.015908986,0,0,not flagged,0
ZKSCAN2,7970,4.873344996,62.39218347,235.4073336,2.747542185,1.915552133,0.078108262,0,0,not flagged,0
NCOA2,10026,11.71676563,159.4902939,602.2129279,2.746538661,1.916738554,0.073463816,0,0,not flagged,2
ZNF609,12111,4.562280421,73.22382585,275.0345549,2.746466291,1.909083271,0.062305955,0,0,not flagged,7
TXLNG,4460,31.21014561,382.2756672,1400.813519,2.744146496,1.873552194,0.081643035,0,0,not flagged,5
INSIG2,3949,2.903269359,95.40740757,356.2835774,2.739273722,1.900742082,0.03043023,0,1,strongly selective,1
ZNF484,3428,2.384828402,223.5232322,781.464981,2.738941333,1.805710356,0.010669264,0,1,strongly selective,10
TTF1,3113,5.599162335,115.9727568,432.3867928,2.736714359,1.898445487,0.04827998,1,0,common essential,444
LCOR,11116,2.177452019,177.1044457,652.9665083,2.733875601,1.882349205,0.012294734,0,0,not flagged,0
RMI1,3503,6.324979675,141.8883828,518.4468539,2.7325989,1.869365785,0.04457715,0,0,not flagged,791
SETD2,10019,10.16144276,137.5586268,504.5761236,2.723295376,1.874949038,0.073869905,0,0,not flagged,489
FAM126B,12810,5.495474144,55.7071693,206.5883147,2.720991559,1.890634617,0.098649316,,,not flagged,
IKZF2,12220,0.518440957,13.83124816,52.31567516,2.720946893,1.918544975,0.03748331,0,1,strongly selective,4
ZCCHC7,3992,9.850378183,195.6390128,718.3675877,2.720082449,1.87647451,0.050349764,0,1,strongly selective,28
BLZF1,3820,16.69379881,200.0641584,714.6948555,2.719435046,1.836812749,0.083442226,0,0,not flagged,8
FIP1L1,7169,2.488516594,25.11292771,96.72055441,2.716683392,1.944967068,0.09909305,1,0,common essential,1128
MED13,12677,1.244258297,436.8814908,1605.959342,2.71666434,1.87809744,0.002848045,0,0,not flagged,75
IPP,3705,2.281140211,38.19506708,142.5445464,2.715349314,1.899678153,0.059723425,0,0,not flagged,32
DIS3,7602,27.58105891,320.7314758,1114.43755,2.715095986,1.79684589,0.085994238,1,0,common essential,1066
TNFAIP3,5023,0.829505531,16.66217992,60.6234521,2.710138012,1.862671211,0.049783734,0,1,strongly selective,18
SAMD9,6852,2.177452019,24.87324104,83.41303505,2.707066654,1.745271392,0.08754195,0,0,not flagged,1
ZNF281,4895,12.85733573,208.1276463,753.642582,2.704269936,1.856361693,0.061776203,0,1,strongly selective,47
ZNF426,2760,13.47946488,180.1727629,659.9493472,2.697088784,1.872916155,0.07481411,0,1,strongly selective,3
ARHGAP5,10887,7.050797015,161.3053654,539.6521853,2.697030397,1.742172737,0.043710865,0,0,not flagged,37
RUNX1T1,13527,1.140570105,15.10486545,55.18067816,2.696740579,1.868456476,0.075510114,0,1,strongly selective,5
ZNF225,5284,5.702850527,59.77097903,208.2479674,2.692587695,1.800613261,0.095411697,0,0,not flagged,10
KLHL2,3872,4.45859223,49.11420004,177.8528469,2.684534009,1.856259364,0.090780105,0,0,not flagged,6
MTF2,5909,12.13151839,258.751691,918.1411027,2.676289601,1.827107556,0.046884789,0,0,not flagged,27
PLSCR4,4227,2.281140211,25.97048091,89.96502663,2.673598356,1.792096488,0.087835886,0,0,not flagged,0
ATF7IP,8410,12.13151839,146.7175308,525.3886224,2.669031074,1.840272825,0.082686222,0,0,not flagged,58
ZNF483,5738,9.746689991,211.4264772,761.6288717,2.668422352,1.848882818,0.046099666,0,0,not flagged,0
HOOK3,15250,3.836463082,48.7904697,173.5384069,2.660465796,1.830371183,0.078631403,0,0,not flagged,0
GCNT1,6477,2.073763828,24.62635697,85.44892519,2.658636239,1.794442235,0.084209119,0,0,not flagged,0
STOX2,10952,1.140570105,34.01520014,121.0950447,2.655367507,1.83158341,0.033531189,0,0,not flagged,0
ZNF217,6181,2.281140211,167.9267354,596.7723083,2.655085535,1.829286919,0.01358414,0,1,strongly selective,480
TGS1,3869,14.72372318,180.3360666,623.4977607,2.649728279,1.789639559,0.081646026,1,1,both,921
RPS6KA5,5133,4.562280421,140.5024021,500.5349834,2.64785394,1.832802255,0.032471192,0,0,not flagged,0
ZNF148,10574,1.970075637,107.334361,357.5821388,2.644274944,1.736068616,0.018354566,0,0,not flagged,3
IKZF3,2778,1.036881914,131.5476646,459.7798917,2.640215554,1.805279446,0.007882177,0,1,strongly selective,32
REST,7875,11.40570105,129.7072278,445.7346096,2.629751253,1.780847254,0.087934198,0,1,strongly selective,49
SIX4,6658,4.251215847,189.2537039,662.88072,2.629362413,1.808373292,0.022463052,0,0,not flagged,5
ACBD5,4339,6.947108824,153.359757,532.9076167,2.627218493,1.796898499,0.045299425,0,1,strongly selective,13
PCDH9,6900,1.762699254,240.5856859,801.146097,2.626824652,1.73547259,0.0073267,0,0,not flagged,0
BMPR1B,6312,3.421710316,49.89904726,172.5464403,2.625104114,1.789695051,0.068572658,0,0,not flagged,2
GPBP1,6493,25.40360689,416.7756585,1382.700427,2.622978007,1.730121512,0.060952713,0,0,not flagged,20
ZNF189,3312,2.384828402,165.9376649,564.2299633,2.621194482,1.765580522,0.014371833,0,0,not flagged,0
FRYL,18170,4.562280421,53.40480388,182.2875963,2.62097717,1.770983994,0.085428278,0,0,not flagged,2
PPIL4,2646,29.96588731,432.0111915,1471.882549,2.617408709,1.768498369,0.069363683,1,0,common essential,1120
PJA2,5222,17.10855158,180.4247985,602.7774096,2.606510511,1.740171681,0.094823726,0,0,not flagged,0
FGD6,10044,3.214333933,45.5178368,156.06322,2.604117166,1.777402194,0.070617019,0,0,not flagged,6
TAOK1,16980,0.207376383,235.8058805,784.4291743,2.600365285,1.734000708,0.000879437,0,0,not flagged,3
WDHD1,6385,21.15239105,272.8428677,912.5688008,2.600131394,1.741825934,0.077525908,1,0,common essential,1164
ZNF10,5541,1.555322871,17.78384216,60.3148207,2.597684698,1.761373662,0.087457078,0,0,not flagged,2
HIPK1,9215,14.5163468,151.0389625,518.7134939,2.596814957,1.779949438,0.096109948,0,0,not flagged,53
DCUN1D3,6248,2.592204785,31.13202493,104.1717507,2.592370728,1.742167925,0.083264895,0,0,not flagged,3
ESF1,3216,7.776614355,158.1990483,444.9570818,2.589893595,1.491866498,0.04915715,1,0,common essential,1100
ZBTB34,6606,1.45163468,149.4597265,498.3104112,2.57683405,1.737220357,0.009712547,0,0,not flagged,5
ZNF699,3623,1.347946488,28.96403884,97.21648936,2.572195834,1.746588626,0.046538623,0,1,strongly selective,11
ZNF717,6917,2.384828402,36.6123288,120.9390336,2.570860613,1.723603803,0.065137304,0,1,strongly selective,3
RC3H2,11545,4.977033187,185.7027769,613.3495279,2.566465577,1.723659899,0.02680107,0,0,not flagged,0
SESN3,10370,8.606119886,223.1209129,734.8674431,2.563289629,1.719613269,0.038571552,0,0,not flagged,0
ZFP37,6354,0.622129148,33.68517627,100.5847038,2.562709836,1.577940373,0.01846893,0,0,not flagged,1
PUM1,6621,31.62489838,525.0644125,1752.429462,2.560337852,1.738770809,0.060230512,0,0,not flagged,185
DLEU7,3656,0,13.58229095,44.52027237,2.558157856,1.711997796,0,0,0,not flagged,0
FRS2,7266,11.61307744,499.9416396,1631.373955,2.556730674,1.706235913,0.023228866,0,1,strongly selective,63
ZBTB39,6170,8.813496269,94.61763612,309.374411,2.554979468,1.709067014,0.093148557,0,0,not flagged,125
RCHY1,6565,3.525398508,44.56859515,147.5395222,2.553079728,1.726776191,0.079100508,0,0,not flagged,8
ZMYND11,5300,11.19832467,139.1399969,456.3295275,2.54612542,1.713466747,0.080482427,0,0,not flagged,2
TOPORS,4098,8.91718446,282.0536999,856.0595056,2.545392384,1.601706926,0.031615201,0,0,not flagged,2
ERCC6L,4361,8.19136712,112.7289894,356.3153297,2.540395081,1.660208502,0.072664247,0,1,strongly selective,138
ZNF567,4724,1.762699254,69.44842488,203.0449387,2.535329909,1.547648517,0.025381414,0,0,not flagged,0
ZNF264,3042,9.020872652,400.571298,1286.158593,2.523217002,1.682912793,0.022520018,0,0,not flagged,0
ZNF701,6294,2.488516594,26.48985719,84.66630731,2.521154707,1.675973771,0.093942243,0,0,not flagged,2
SHOC2,4433,4.354904039,255.5995086,798.8302327,2.520258348,1.643965489,0.017037998,0,1,strongly selective,227
RAD21,6192,12.96102392,299.1104188,965.0580974,2.519888613,1.68990435,0.043331904,1,0,common essential,1182
USPL1,3904,6.117603292,439.248153,1339.824087,2.515014169,1.608913393,0.013927442,1,0,common essential,1171
PLAG1,7833,3.73277489,178.6602978,561.4365641,2.510256352,1.651848899,0.020893142,0,0,not flagged,0
ZNF214,2949,1.866387445,60.74159642,182.4894754,2.508265922,1.586898092,0.030726678,0,0,not flagged,0
IPCEF1,8474,0,12.62517691,35.94677829,2.506667901,1.508817898,0,0,0,not flagged,0
ZNF248,6464,3.940151273,39.92329665,126.1218513,2.505469551,1.659268555,0.098693034,0,0,not flagged,0
EHHADH,4700,2.799581168,38.64611833,123.6021134,2.505413816,1.677051446,0.072441458,0,0,not flagged,0
N4BP1,7839,5.18440957,59.169302,189.5321591,2.499189896,1.679354191,0.087619921,0,0,not flagged,0
TET3,11439,1.347946488,30.52952375,94.47778694,2.498590056,1.629450301,0.044152228,0,0,not flagged,0
IKZF5,4821,8.91718446,133.110788,422.3430718,2.497212689,1.665713665,0.066990697,0,0,not flagged,1
ZBTB33,5313,15.44954052,194.5312964,607.3405524,2.497202305,1.642453019,0.079419306,0,0,not flagged,0
PABPC4L,4944,0.622129148,106.5120834,341.0719305,2.497158621,1.678965777,0.005840926,0,0,not flagged,0
KLHL4,5818,0,52.37784325,163.5018962,2.496107388,1.642091628,0,0,1,strongly selective,1
ZNF510,5921,7.258173398,78.84864623,235.0938294,2.496097784,1.575957189,0.092051972,0,0,not flagged,0
CHML,7078,0.103688191,59.89999789,166.9393552,2.495902652,1.478541833,0.001731022,0,1,strongly selective,7
ISL1,3216,2.903269359,48.67156362,154.1020357,2.494071599,1.662532124,0.059650218,0,1,strongly selective,32
ZNF468,5281,1.659011062,45.40448061,138.8824892,2.492190764,1.6127443,0.036538488,0,0,not flagged,219
POLD3,5508,20.84132647,312.8874002,991.3567014,2.487805748,1.66372913,0.06660967,1,0,common essential,1186
HCFC2,5110,1.45163468,90.45672679,281.0432261,2.484759054,1.635384196,0.016047836,0,0,not flagged,0
ZNF518B,10905,6.843420632,85.60288415,261.2931522,2.48360924,1.609824695,0.079943809,0,0,not flagged,0
SETD5,10808,16.38273424,175.1189103,546.87622,2.481419093,1.642823447,0.093552057,0,0,not flagged,237
TSHZ3,5817,4.873344996,50.9240713,157.865692,2.475156632,1.632086112,0.09569826,0,1,strongly selective,4
NUP50,8318,9.435625417,139.8549765,435.540396,2.471897556,1.638804915,0.067467212,0,0,not flagged,665
CARD6,4397,1.140570105,19.82599262,61.63956838,2.471663388,1.6359702,0.057529029,0,0,not flagged,2
MXD1,6321,7.672926163,78.68363279,242.9739918,2.470721345,1.626542454,0.097516166,0,0,not flagged,0
RPS6KA6,2890,0.622129148,44.05262274,136.4513239,2.46992941,1.630864842,0.014122409,0,0,not flagged,0
ADAMTS3,6585,2.384828402,24.67300645,77.10423712,2.456026454,1.643479112,0.09665739,0,0,not flagged,4
TULP4,11123,0,139.3168636,430.7410806,2.452899811,1.628380965,0,0,1,strongly selective,15
CCNG2,7471,3.421710316,77.59531228,239.4583059,2.451768184,1.625607408,0.044096869,0,0,not flagged,0
MLLT10,6844,7.983990738,218.7383343,673.3505765,2.450645985,1.622107226,0.03650019,0,1,strongly selective,5
KLF12,11209,4.562280421,104.1091822,318.3404338,2.448459745,1.612379845,0.043822075,0,0,not flagged,1
BUB1B,4476,30.1732637,370.8771611,1136.838448,2.448446065,1.615987711,0.081356489,1,0,common essential,1166
CNST,5922,3.318022125,52.13536089,160.2288812,2.445445455,1.619613439,0.063642451,0,0,not flagged,0
PTPN11,6996,8.19136712,188.8208929,579.0392641,2.44485281,1.616591284,0.043381678,0,0,not flagged,791
ZNF300,4411,4.562280421,77.77106669,226.0982698,2.440229573,1.539522834,0.058662953,0,0,not flagged,0
ANKRD28,11276,2.384828402,24.68837959,74.55894169,2.438985283,1.594158474,0.096597202,0,0,not flagged,0
TRAF6,4871,8.813496269,95.87881193,292.5487682,2.437847717,1.609292057,0.091923295,0,1,strongly selective,38
MAP3K1,7716,5.702850527,104.1018549,316.7896571,2.43537529,1.605436421,0.05478145,0,0,not flagged,10
RGL1,5415,2.695892976,80.79958269,246.6333282,2.434512484,1.609827974,0.033365184,0,0,not flagged,0
THAP5,4961,0.207376383,60.84783115,181.6286361,2.434270221,1.577556284,0.003408115,0,0,not flagged,38
CCDC121,2844,2.384828402,42.29977733,123.3683194,2.428546259,1.544025901,0.056379219,0,1,strongly selective,16
LMO7,13143,2.903269359,55.25420994,166.7852811,2.424019196,1.593661099,0.052543858,0,0,not flagged,0
ZNF184,3122,5.495474144,262.2424891,747.8999391,2.420693963,1.51190809,0.020955697,0,0,not flagged,0
FBXO48,5666,1.970075637,39.87301996,119.9982493,2.419934285,1.589287019,0.049408739,0,0,not flagged,1
ASB7,5397,6.013915101,108.6950383,330.9296694,2.418591342,1.606149428,0.055328331,0,0,not flagged,9
FBXL3,4651,15.24216414,268.4479272,799.8859236,2.417916398,1.575116293,0.056778848,0,0,not flagged,1
KCTD9,4380,5.18440957,138.3115447,410.8904044,2.405282906,1.570762864,0.037483564,0,0,not flagged,65
ZMYM2,11565,11.61307744,201.4222118,584.8107921,2.403835193,1.537700195,0.057655396,0,1,strongly selective,29
MED1,7330,15.86429328,198.867555,590.7879456,2.396890427,1.570784344,0.07977316,0,0,not flagged,806
ZNF367,3646,4.769656804,74.78554499,220.0979787,2.386916538,1.557187195,0.06377779,0,0,not flagged,43
ZNF782,4619,3.006957551,33.00991269,89.3412125,2.38303837,1.436151001,0.091092563,0,0,not flagged,6
CDC7,3599,35.15029688,472.1568616,1351.504617,2.379579207,1.517208418,0.074446227,1,0,common essential,1185
PRDM6,9350,1.45163468,32.10018913,92.52301749,2.378293942,1.526937075,0.045221998,0,0,not flagged,0
MEGF9,6433,2.799581168,65.9926003,193.3924224,2.37773527,1.551011097,0.042422653,0,0,not flagged,0
NR2C2,5897,11.92414201,192.9905083,569.8454659,2.376799439,1.561991403,0.061786158,0,0,not flagged,19
FOXO3,7721,11.40570105,128.63181,375.2117408,2.375340075,1.544383811,0.088669366,0,0,not flagged,222
GABPB2,9189,3.940151273,59.87969528,175.5565997,2.370404486,1.551638711,0.065801124,0,1,strongly selective,64
PTAR1,12200,12.44258297,155.7503068,445.4840327,2.368925684,1.516078477,0.079888016,0,1,strongly selective,281
BTRC,6583,8.91718446,89.36134727,261.4105854,2.367189124,1.548488471,0.099787937,0,0,not flagged,11
SUZ12,6547,3.214333933,100.8802248,287.3928579,2.366652966,1.510288008,0.031862874,0,0,not flagged,413
SH2D4A,4148,1.555322871,18.65665084,54.13995924,2.366386383,1.536497149,0.083365599,0,0,not flagged,0
PANK1,4127,2.073763828,33.35986833,92.43701131,2.351014581,1.470080686,0.06216343,0,0,not flagged,1
NFIL3,2085,5.18440957,91.34825178,263.4254648,2.351011091,1.527842631,0.056754338,0,1,strongly selective,4
WDR47,4536,12.13151839,143.9352892,413.5965296,2.348370879,1.522738386,0.084284531,0,0,not flagged,8
MTPAP,8382,11.30201286,222.8176057,636.9928534,2.342014477,1.515371858,0.050723159,1,0,common essential,856
GOLGA1,6009,4.354904039,44.8559754,128.0313701,2.340503112,1.512916338,0.097086375,0,1,strongly selective,3
PTCH1,16591,2.695892976,37.37533061,106.9558698,2.33573789,1.516606345,0.072130278,0,0,not flagged,1
OSBPL11,4191,8.19136712,84.58175076,241.6222086,2.335390435,1.514223886,0.096845561,0,0,not flagged,3
MIER3,5763,5.391785953,235.5866988,665.6408178,2.333155684,1.498446253,0.022886631,0,0,not flagged,8
FAM13C,6750,0.829505531,18.26773422,51.15489827,2.331931222,1.485067148,0.045408233,0,0,not flagged,0
GNAQ,6738,2.281140211,130.6184319,363.0694062,2.331350994,1.474816162,0.017464152,0,1,strongly selective,346
SMURF2,6961,7.672926163,92.01486488,261.5330127,2.331042757,1.506952596,0.083387898,0,1,strongly selective,53
TSHZ2,12582,1.036881914,10.92369678,31.02747024,2.321049604,1.505229702,0.094920423,0,0,not flagged,0
LRRTM2,6095,0.311064574,23.25272485,62.04115886,2.315918853,1.415438059,0.013377554,0,0,not flagged,0
TCEANC,5441,1.140570105,17.39295681,48.07143133,2.304638857,1.466147399,0.06557655,0,0,not flagged,0
ZBTB5,4627,2.073763828,68.34085901,189.4929272,2.295902469,1.471188759,0.030344421,0,0,not flagged,3
KCNQ5,7600,4.665968613,49.83790789,137.4935753,2.289497932,1.46386427,0.093622883,0,1,strongly selective,9
ARHGAP20,7125,2.903269359,37.8638893,103.2612751,2.288356329,1.44716354,0.07667647,0,0,not flagged,0
CCNT1,7265,38.98675997,448.4423057,1228.697014,2.283640666,1.454114482,0.086938185,0,1,strongly selective,131
LPL,4382,1.244258297,18.07444277,49.5479714,2.28275851,1.454367988,0.068840756,0,0,not flagged,0
OTX2,2470,0,10.34049109,28.00455296,2.282485368,1.436477252,0,0,1,strongly selective,7
ZMYM5,3713,2.384828402,66.58988435,178.3908043,2.280145603,1.421530542,0.035813674,0,0,not flagged,0
RABGAP1,8181,7.465549781,143.5961547,393.4247336,2.277445511,1.454006747,0.0519899,0,0,not flagged,0
CXXC4,5819,1.762699254,18.68235864,50.61992362,2.272101044,1.437541685,0.094351002,0,0,not flagged,0
P2RY1,3106,3.525398508,84.36413826,224.824011,2.271406635,1.413987523,0.04178788,0,0,not flagged,0
NMD3,4869,25.81835966,300.0034546,801.4188134,2.269628021,1.417547177,0.086060208,1,0,common essential,1179
ZNF432,5985,2.073763828,59.34326906,155.5486932,2.268843844,1.390059622,0.034945224,0,0,not flagged,1
ARHGAP35,11245,1.036881914,110.4583336,297.3419826,2.267746199,1.428538823,0.009387086,0,0,not flagged,0
HSDL2,3455,26.12942423,412.578837,1115.165829,2.267670294,1.434494503,0.063331955,0,0,not flagged,4
PTPDC1,6301,3.421710316,51.90829388,139.9777959,2.266758403,1.430986179,0.065918374,0,0,not flagged,1
TRERF1,7732,0.622129148,13.07496063,35.8071237,2.260937931,1.452739902,0.047581722,0,1,strongly selective,15
PHF10,5388,10.99094829,142.4906581,387.9762287,2.260548663,1.445036864,0.077134518,0,0,not flagged,24
KDM6A,6805,17.10855158,239.2241571,648.0324261,2.260356897,1.437664879,0.071516822,0,1,strongly selective,10
CNOT6L,9367,0.933193723,64.1954753,172.4670261,2.256747093,1.425635971,0.014536752,0,0,not flagged,27
KIF4A,4723,8.91718446,107.0422247,288.4979461,2.256746786,1.430296277,0.083305298,0,0,not flagged,760
FAM214A,7755,0.311064574,33.22048717,84.32870801,2.253393971,1.343687478,0.009363637,,,not flagged,
FBXO34,4133,14.62003499,211.230512,569.3470467,2.253218801,1.430447114,0.069213651,0,0,not flagged,1
DTL,4892,54.53998867,557.6879029,1493.394683,2.24582588,1.421049409,0.097796614,1,0,common essential,1186
PARP11,6194,3.318022125,33.38897705,88.99870124,2.245782906,1.41414246,0.099374776,0,1,strongly selective,10
GORAB,3773,3.006957551,90.21947422,240.5688734,2.24473289,1.414839272,0.033329362,0,0,not flagged,0
SLC4A4,8361,0.933193723,15.38035236,41.33338998,2.244050891,1.425630426,0.060674405,0,0,not flagged,0
SASH1,8598,5.599162335,76.19898755,202.9248358,2.242610029,1.412983485,0.073480797,0,0,not flagged,0
RSBN1,6819,6.739732441,112.8875192,298.7246385,2.241330088,1.403850744,0.059703079,0,1,strongly selective,2
RMND5A,6804,4.769656804,136.2809669,359.2800771,2.24060982,1.398459145,0.034998701,0,1,strongly selective,435
SLC9A6,4710,3.629086699,101.4709943,269.5432344,2.238374141,1.40936066,0.035764769,0,0,not flagged,0
MMP16,12115,0.207376383,22.85761269,60.10804597,2.236500796,1.394492357,0.00907253,0,1,strongly selective,2
RAP1A,5733,9.331937226,240.7494147,641.3571081,2.234399734,1.413558154,0.038762035,0,0,not flagged,70
SLC25A30,6794,3.318022125,33.51365791,88.47356661,2.234253543,1.400229963,0.099005072,0,0,not flagged,1
FBXL20,3261,8.502431695,578.5790623,1528.737366,2.226185583,1.401739058,0.014695367,0,0,not flagged,1
ZNF823,2459,8.502431695,102.1094221,252.8249647,2.217985583,1.30793871,0.083267847,0,1,strongly selective,1
ZNF391,4834,3.421710316,45.12565178,114.9276769,2.217478382,1.348512449,0.07582628,0,0,not flagged,0
HDX,6895,1.762699254,26.43758194,67.21621144,2.217314065,1.345888023,0.066673997,0,0,not flagged,0
ACVR1C,9195,0.829505531,10.53778706,26.01946233,2.213031413,1.30320516,0.078717242,0,0,not flagged,2
TRIM2,9333,3.525398508,82.73183473,216.1893409,2.213025615,1.385673271,0.042612357,0,0,not flagged,0
ZBTB26,4645,4.251215847,135.7102501,353.5070623,2.210867999,1.381143854,0.03132568,0,0,not flagged,0
NHLRC2,11223,9.746689991,111.1824616,291.8935071,2.206614811,1.392432562,0.087663916,0,0,not flagged,826
PUM2,6858,15.03478775,412.1061564,1064.121018,2.193969967,1.368552861,0.036482803,0,0,not flagged,31
SOCS5,5034,2.281140211,47.35154144,120.2158291,2.193593943,1.343958934,0.048174571,0,0,not flagged,72
MASTL,3631,13.68684126,216.0156012,552.1673864,2.193358011,1.353929509,0.063360429,1,0,common essential,1159
SOX11,8718,2.592204785,180.8810494,473.6314181,2.193012825,1.38867422,0.014330992,0,1,strongly selective,20
MED23,7448,17.00486339,172.8348199,446.81846,2.192871585,1.370243712,0.098387949,0,1,strongly selective,244
CCDC77,3614,9.850378183,126.0513654,317.7230004,2.189836815,1.333688745,0.078145748,0,0,not flagged,31
SFMBT2,9955,0.518440957,40.97953084,105.5171642,2.189638272,1.364287035,0.012651217,0,0,not flagged,4
RPL7L1,7809,18.56018626,281.1278916,719.9173624,2.183553253,1.35657344,0.066020437,1,0,common essential,355
SYDE2,6451,2.177452019,24.61486543,62.60184979,2.182842556,1.346319884,0.088460854,0,0,not flagged,4
MBNL2,4884,11.19832467,157.4667134,388.9258496,2.182684748,1.304393711,0.071115504,0,0,not flagged,0
ZMYM1,4828,10.16144276,128.5450503,313.3042082,2.181775661,1.285223907,0.079049662,0,1,strongly selective,8
PAPOLG,8501,19.2860036,199.4862195,504.8511352,2.178053144,1.339525214,0.096678375,0,0,not flagged,0
PRDM11,5527,0.829505531,10.80508248,26.96631222,2.177646861,1.318648471,0.07676994,0,0,not flagged,1
PGBD4,2318,2.488516594,106.6304523,272.133146,2.177185149,1.351610897,0.023337766,0,1,strongly selective,4
KBTBD8,4740,1.970075637,129.6459386,319.9683448,2.16834817,1.303285984,0.015195815,0,0,not flagged,2
TLK2,8583,0,72.04176567,185.3950124,2.161425781,1.363574558,0,1,1,both,770
ZNF236,8770,2.384828402,44.67549152,112.2343682,2.156728794,1.328764662,0.053381134,0,0,not flagged,260
AIDA,4517,6.221291484,74.1104596,184.5853896,2.154597695,1.316422789,0.0839462,0,0,not flagged,0
TIGD4,2472,0.518440957,18.581968,45.76361286,2.151646757,1.299836676,0.027900218,0,0,not flagged,2
CSNK1G1,8414,4.147527656,73.9794787,184.7617619,2.145244406,1.320352251,0.056063218,0,0,not flagged,0
PELI2,6278,5.18440957,67.15720362,166.4962694,2.141150905,1.309747628,0.077198116,0,0,not flagged,1
CCNE2,4399,3.110645742,77.51841457,189.1350001,2.139920689,1.286695573,0.04012783,0,1,strongly selective,31
PDP1,5603,1.866387445,41.3425146,102.994126,2.139491433,1.316655162,0.045144507,0,0,not flagged,0
DENND4A,8902,9.539313609,108.5826176,269.2984138,2.138669026,1.310333275,0.087853045,0,1,strongly selective,46
KLHL11,2383,26.23311242,281.796918,700.4222599,2.135448211,1.313538503,0.093092262,0,1,strongly selective,198
BNC1,4795,0,26.12703983,64.82663301,2.132737968,1.310713416,0,0,0,not flagged,5
SNAI2,2282,4.043839464,510.4082995,1259.819617,2.131840011,1.303476675,0.007922754,0,1,strongly selective,106
ZNF618,10384,3.525398508,50.96611162,125.2861205,2.131523504,1.29744851,0.069171424,0,0,not flagged,0
RBBP8,5091,10.26513095,180.4475487,422.3079955,2.122599919,1.22667023,0.056887062,1,0,common essential,1128
ZIC5,4639,7.258173398,87.7764168,218.6392602,2.118361946,1.316548833,0.082689333,0,0,not flagged,3
KBTBD2,4987,6.117603292,83.13144421,202.3140275,2.118117671,1.283027947,0.073589523,0,1,strongly selective,80
PAPSS2,4116,3.73277489,72.00934106,175.741572,2.115253805,1.287081289,0.05183737,0,0,not flagged,0
WDR17,7817,1.866387445,23.2251539,55.65571983,2.113240062,1.260479957,0.080360606,0,0,not flagged,0
PARP8,10056,2.592204785,76.88520687,185.5948171,2.112831318,1.271268576,0.033715261,0,0,not flagged,1
TRIM6,3947,1.140570105,13.62436211,30.48585351,2.10748882,1.161365889,0.083715487,0,0,not flagged,0
ZFP91,5220,0.207376383,223.8205144,544.5116949,2.106231273,1.2825828,0.00092653,0,1,strongly selective,24
RBL1,5954,8.087678929,99.11096167,241.1869146,2.106152108,1.282949363,0.081602265,0,0,not flagged,3
ZNF704,15008,0.933193723,17.4319445,41.55636084,2.09381818,1.252855558,0.053533541,0,0,not flagged,0
C17orf80,4661,13.89421765,160.0692469,378.5923872,2.089204763,1.241897223,0.086801293,,,not flagged,
RIC8B,7791,2.592204785,35.95751666,82.45867117,2.08497842,1.197151608,0.072090762,0,0,not flagged,0
PRKD3,10244,19.59706817,212.6487836,492.3421545,2.082615438,1.211150127,0.092156973,0,0,not flagged,7
IK,4096,0.311064574,134.0086817,325.5048385,2.07652121,1.280289189,0.002321227,1,1,both,1185
SGCB,4541,6.117603292,131.5441623,310.8210262,2.07487871,1.240473621,0.04650608,0,0,not flagged,1
FBXO5,3823,102.7549977,1523.520219,3607.519598,2.072380787,1.243593115,0.067445772,1,0,common essential,1160
ZXDA,5204,0,15.14869741,35.62618996,2.071781353,1.233197311,0,0,1,strongly selective,2
OXSR1,6075,4.354904039,43.63991735,103.6715077,2.069465039,1.248107775,0.099791757,0,1,strongly selective,24
EZH2,4522,11.92414201,131.6953054,311.5447901,2.067354536,1.242172436,0.09054341,0,1,strongly selective,81
POGZ,10272,14.82741137,158.3514367,373.2917913,2.064382338,1.23712137,0.093636103,0,0,not flagged,334
CCDC89,2428,1.45163468,24.95335168,58.6083253,2.061190023,1.231540102,0.058173936,0,0,not flagged,0
PCDH18,5925,3.318022125,95.07280068,225.079241,2.057965788,1.243240796,0.034899804,0,0,not flagged,0
DCUN1D4,7625,6.947108824,100.036848,233.4446052,2.05687078,1.222466332,0.069445499,0,0,not flagged,4
PNRC2,2564,5.080721378,128.2207018,298.6217926,2.055877628,1.219626042,0.039624813,0,0,not flagged,143
ZBTB6,4106,9.331937226,264.7899014,591.8133874,2.054137196,1.160264124,0.035242799,0,0,not flagged,1
KLF11,4589,3.110645742,36.75795234,86.45973621,2.050956819,1.233746455,0.08462511,0,0,not flagged,0
SLFN11,5982,25.19623051,301.2967879,702.551028,2.043961062,1.221390376,0.083625951,0,0,not flagged,0
GNAI1,4547,7.672926163,126.6263086,296.0931718,2.04376045,1.225408838,0.060595039,0,1,strongly selective,4
GRIP1,6378,0,13.99110723,32.51162313,2.035470931,1.21585834,0,0,0,not flagged,0
PCDH17,8242,0,52.66497953,121.5676614,2.031811865,1.20668842,0,0,0,not flagged,1
ATL2,4885,16.9011752,252.0820062,581.625178,2.030076346,1.206164157,0.067046337,0,1,strongly selective,770
DCLRE1A,4596,4.665968613,158.3651675,355.8588165,2.02887417,1.167999375,0.029463352,0,0,not flagged,1
KIAA2026,7930,1.244258297,29.57440687,63.4929324,2.024315808,1.101986242,0.04207213,,,not flagged,
NRAS,4449,34.42447954,362.2904491,828.8747906,2.024026425,1.193984997,0.095019009,0,1,strongly selective,99
ENPP5,4264,3.110645742,40.60004192,90.57395988,2.021289736,1.157419092,0.076616811,0,0,not flagged,0
STC1,4149,1.555322871,180.9681528,411.5383375,2.020787824,1.18524634,0.008594456,0,0,not flagged,0
CDK11B,3130,0.311064574,22.9639727,53.1591381,2.020054704,1.210588728,0.013545765,,,not flagged,